id,domain,status,purchase_price,renewal_price,attractiveness,demand,length,registrar,created_at,expires_at,status_verified_at
4cae6608-4811-4b73-8704-d366058be06e,heal.cc,resell,,,high,low,4,"Alibaba Cloud Computing (Beijing) Co., Ltd.",18/03/2013 08:02,18/03/2027 08:02,
ec728517-45f2-4896-b1c8-fd68c8e656ab,sunbeam.cc,resell,,,high,low,7,"GoDaddy.com, LLC",13/10/2019 21:08,13/10/2026 21:08,
403010dc-345e-40ab-9f8c-84e1cd582e48,burred.cc,available,4.19,9.99,medium,low,6,namesilo,,,08/08/2026 17:23
46b760bc-0330-4ea7-80aa-5aec5bb304a3,actable.cc,available,5.98,13.98,medium,low,7,namecheap,,,
6dfc6008-1344-41e7-88bd-aa5c03b874c0,swallow.cc,resell,,,high,low,7,Alibaba Cloud Computing Ltd. d/b/a HiChina (www.net.cn),25/10/2014 09:49,25/10/2026 09:49,
84896217-660c-4b92-b310-fd22160091cf,pristine.cc,resell,,,high,low,8,Dynadot Inc,09/07/2023 08:03,09/07/2027 08:03,17/09/2026 23:23
aa3065a0-1976-45f3-ae78-363f49e1d93c,panoplied.cc,available,4.19,9.99,medium,low,9,namesilo,,,06/08/2026 21:42
f378be67-469a-46b5-bf45-22a1e667ac6e,advertent.cc,available,4.19,9.99,medium,low,9,namesilo,,,
26f0f586-f5f4-423d-8345-a4d58f604bc1,antidotal.cc,available,4.19,9.99,medium,low,9,namesilo,,,
a3896d0e-03cb-4783-91cb-77dcadd61ae7,number.cc,resell,,,high,low,6,"eName Technology Co., Ltd.",06/03/2015 09:03,06/03/2027 09:03,
c0a57e2c-aabd-41e8-97a2-9d758f340f31,affective.cc,available,4.19,9.99,high,low,9,namesilo,,,
0a3fc409-39f6-4853-8a1e-c356547bc2d6,potentiality.cc,available,4.19,9.99,high,low,12,namesilo,,,
5de3d94d-6ba4-45fa-af45-60225da7d770,kind.cc,resell,,,high,low,4,Dynadot12 LLC,12/09/2019 08:01,12/09/2026 08:01,
f0ced582-c94a-474f-bd3d-ac21106513ea,occurrence.cc,available,4.19,9.99,high,low,10,namesilo,,,
428fb877-c749-4d8e-be8e-c3b034a86f64,reflection.cc,resell,,,high,low,10,"NameSilo, LLC",28/12/2005 19:39,28/12/2026 19:39,
3456dcf3-db43-4ebd-aef5-c5c3a657b2ed,fourteenth.cc,available,4.19,9.99,high,low,10,namesilo,,,
fc9f7f86-895d-4f28-9ff9-a12f60d0e8f2,add.cc,resell,,,high,low,3,"GoDaddy.com, LLC",02/09/2002 17:18,02/09/2027 17:18,
7ef5b558-090e-4bdf-86b1-432c499eadd8,finalize.cc,available,4.19,9.99,high,low,8,namesilo,,,
9547791b-1c02-4bbe-9ca0-07f36da52cc8,sneezing.cc,available,4.19,9.99,medium,low,8,namesilo,,,
886ee35c-6e10-4555-8bb1-932ec3f5aebd,alar.cc,available,4.19,9.99,medium,low,4,namesilo,,,
7a347b62-06fd-43f1-aa48-b678bda805d1,rare.cc,resell,,,high,medium,4,Dynadot Inc,13/07/2019 08:00,13/07/2027 08:00,18/09/2026 07:28
c8ec0957-dc2a-453f-b698-378d36f08c86,boom.cc,resell,,,high,medium,4,"Spaceship, Inc.",19/07/2013 08:22,19/07/2027 08:22,19/09/2026 12:26
5f023eb2-093f-4fbc-b243-e76ceb66100c,bald.cc,resell,,,medium,low,4,Dynadot7 LLC,28/03/2016 08:01,28/03/2026 08:01,
4b82faa3-aead-4b99-bde5-2517f1fc4ec4,afterward.cc,available,4.19,9.99,medium,low,9,namesilo,,,
aef99ac2-0813-4957-a1dd-1e29993ef087,captain.cc,resell,,,high,low,7,Dynadot Inc,18/01/2021 09:01,18/01/2027 09:01,
95859644-be20-4f7f-9278-8496dc77b939,platter.cc,available,4.19,9.99,high,low,7,namesilo,,,
9740705a-85a1-4b58-b191-c986bc8328d9,pretty.cc,resell,,,high,low,6,"Alibaba Cloud Computing (Beijing) Co., Ltd.",20/02/2006 14:30,20/02/2027 14:30,
0e5aa5c3-948a-4f84-9723-aa4a181b2d98,resultant.cc,available,4.19,9.99,high,low,9,namesilo,,,
d6168863-a315-48b6-b640-2c337cf53812,donut.cc,resell,,,high,low,5,"GoDaddy.com, LLC",09/02/2007 21:59,09/02/2027 21:59,
dfa12fd7-10f6-49f7-a58d-d531bd9a9cae,liable.cc,available,4.19,9.99,high,low,6,namesilo,,,
ae738d43-9de3-4d3a-8937-590a0008b6d1,buttonlike.cc,available,4.19,9.99,low,low,10,namesilo,,,09/08/2026 03:39
1e3253d9-f258-44ca-8d37-8375f7232d25,lopsided.cc,available,4.19,9.99,medium,low,8,namesilo,,,07/08/2026 03:41
8e8b7721-c10d-4073-9e52-b668f7f0053b,consequent.cc,available,,,high,low,10,,,,
6433c3eb-68f6-4d0a-b5ee-b600eb88968b,spinous.cc,available,4.19,9.99,medium,low,7,namesilo,,,
5265d7c0-756b-444b-855b-59fe52cbc534,baronial.cc,available,5.98,13.98,medium,low,8,namecheap,,,08/08/2026 20:11
2a8431b9-bf27-4769-883f-9938d7bb3264,relation.cc,resell,,,high,low,8,"Spaceship, Inc.",26/09/2025 04:59,26/09/2026 04:59,
c18c5ff8-a300-4143-ba12-89e540a689fc,contrasting.cc,available,4.19,9.99,high,low,11,namesilo,,,
8bd631c9-4231-4e39-903e-3a3fd09b0908,quaternity.cc,available,4.19,9.99,medium,low,10,namesilo,,,
ad513b13-967f-41c3-8670-fe966f5fc2ff,fruity.cc,resell,,,high,low,6,Dynadot Inc,23/09/2021 08:08,23/09/2026 08:08,06/08/2026 21:00
04d29f48-e714-4629-9530-52dcf0aa0c6e,sequent.cc,resell,,,high,low,7,"Spaceship, Inc.",28/03/2026 14:52,28/03/2027 14:52,
a4527037-eced-47e8-9ffb-44961901e1e0,harm.cc,resell,,,high,low,4,"Spaceship, Inc.",13/04/2026 18:21,13/04/2027 18:21,
00ce8e74-9c7f-4982-9ccc-53312aee5029,letters.cc,available,,,high,low,7,,,,
7037a3ad-790f-437e-8221-6126324fb8ad,alsatian.cc,available,4.19,9.99,high,low,8,namesilo,,,
e6f4de7a-2630-4846-9b46-c606619610c6,increase.cc,resell,,,high,low,8,"GoDaddy.com, LLC",20/08/2008 15:16,20/08/2027 15:16,21/09/2026 04:20
03593112-30be-4590-8b09-62d9ffd06764,tertiary.cc,available,4.19,9.99,medium,low,8,namesilo,,,
2e1c4e8a-0494-4bab-9a04-ae412eaa7e80,scented.cc,available,,,high,low,7,,,,
fdc8306d-8d2a-489f-aab7-4e1ffc27c85a,singletree.cc,available,13.98,,medium,low,11,namecheap,,,
fa7668f4-0106-4330-a884-e9f4be1cb60a,corona.cc,resell,,,high,medium,6,"Spaceship, Inc.",03/10/2016 08:37,03/10/2026 08:37,
9f9d4d45-e667-4dd4-810c-1b0634553211,ala.cc,resell,,,high,low,3,Gname.com Pte. Ltd.,01/02/2006 00:43,01/02/2027 00:43,
8fd0c507-c9e4-4108-9d7e-f3fdf2310a9e,sudden.cc,available,4.19,9.99,high,low,6,namesilo,,,
7174b0ee-e581-4a4c-8ccc-484521f8d260,located.cc,available,4.19,9.99,high,low,7,namesilo,,,
7c119cc3-3d64-413b-9d1c-90ea3e5aeaae,kinder.cc,resell,,,high,medium,6,Dynadot Inc,08/04/2021 08:00,08/04/2027 08:00,
e978b193-277e-48ea-a888-fa383bf22b77,yellowcake.cc,available,4.19,9.99,medium,low,11,namesilo,,,
030f953e-089b-4b41-bcf2-a68b7204982d,avon.cc,resell,,,high,low,4,"Spaceship, Inc.",12/03/2026 13:31,12/03/2027 14:31,
e385a340-b762-4e76-80a4-9261775903ec,aberrant.cc,available,4.19,9.99,high,low,8,namesilo,,,
8c2c1f69-af55-4894-9f4b-1eb0dc7e1663,grabby.cc,available,4.19,9.99,medium,low,6,namesilo,,,07/08/2026 21:58
0d1990f0-2bf0-46b9-9eaf-d79e276211c6,crap.cc,resell,,,high,low,4,"NameSilo, LLC",13/08/2015 08:30,13/08/2027 08:30,20/09/2026 20:05
3a4c946c-a230-4915-8b33-dc46cb03e26a,thirteenth.cc,available,4.19,9.99,high,low,10,namesilo,,,
a890f2f7-aa04-498c-98ae-820967a116d2,consumer.cc,resell,,,high,low,8,"22net, Inc.",06/07/2013 08:02,06/07/2027 08:02,17/09/2026 18:38
24ecd447-9c13-447d-add2-c5c1d5bf1823,lambent.cc,available,4.19,9.99,medium,low,7,namesilo,,,
e52136fa-5ac7-4436-bfe6-240d174ebfe6,fiercely.cc,available,4.19,9.99,medium,low,8,namesilo,,,
1141a1a1-2cd6-42b2-8cd5-b2d464dd67ca,autumnal.cc,available,4.19,9.99,medium,low,8,namesilo,,,07/08/2026 21:23
da1fb9ed-8fb3-46dc-aa22-b0e176dfd4be,antifungal.cc,available,5.98,13.98,high,low,10,namecheap,,,
6216ce86-25c1-4135-a42c-3a4497626f90,unfortunately.cc,available,4.19,9.99,medium,low,13,namesilo,,,
517cd346-f09a-4d71-8979-afbf17d03ad4,drink.cc,resell,,,high,low,5,"22net, Inc.",07/04/2006 08:04,07/04/2027 08:04,04/09/2026 13:20
fd982369-1711-49fd-8840-3b061e9bd15b,budget.cc,resell,,,high,low,6,Alibaba Cloud Computing Ltd. d/b/a HiChina (www.net.cn),14/02/2019 09:01,14/02/2027 09:01,
7dbefd0b-6ca7-4e9c-a0cc-bf12cb13854f,pertinent.cc,available,4.19,9.99,high,low,9,namesilo,,,06/08/2026 07:59
f0c8e1e3-b87a-4e3a-8dcd-60103f452781,ruled.cc,available,13.98,,high,low,5,namecheap,,,
61b08ba2-9abc-4ee8-bf98-1c8c66ae9be2,kansas.cc,resell,,,high,low,6,"GoDaddy.com, LLC",25/09/1998 07:00,25/09/2026 07:00,
5d9a4a5a-50b5-4e49-8459-927aec86d265,unemployed.cc,available,4.19,9.99,medium,low,10,namesilo,,,
6bd37da7-1c5c-4a74-8c3d-fbe624c8f94d,taxes.cc,resell,,,medium,low,5,"GoDaddy.com, LLC",28/03/2006 04:23,28/03/2027 03:23,
b855cfdf-7923-4d85-9b50-36dc7b7f9405,prick.cc,available,4.19,9.99,high,low,5,namesilo,,,08/08/2026 23:38
4ef198ee-d52a-4841-8f81-3bffbe3bfff0,involvement.cc,available,4.19,9.99,high,low,11,namesilo,,,
52014076-a3df-4ae0-b8b8-ddd1e315f3c5,attorney.cc,resell,,,high,low,8,"GoDaddy.com, LLC",26/08/2005 08:03,26/08/2027 08:03,
3cf37e1a-6771-4b03-ba50-0984236d4ae0,bated.cc,available,4.19,9.99,medium,low,5,namesilo,,,09/08/2026 00:22
7c07c8b6-b714-4013-8afe-43840066ff68,prodigy.cc,resell,,,high,low,7,Dynadot Inc,20/11/2024 09:03,20/11/2026 09:03,
8632e940-b82a-4c71-83fc-1050924a0da0,pretending.cc,available,4.19,9.99,high,low,10,namesilo,,,
cc94a648-8a28-410b-ad79-f26a21cb5b95,actinoid.cc,available,4.19,9.99,medium,low,8,namesilo,,,
4fc26292-1a37-40d4-b52a-b1811f3b25d2,anytime.cc,resell,,,high,low,7,Unstoppable Domains Inc.,26/10/2022 04:34,26/10/2027 04:34,
6e141a59-0996-4993-8e52-293273b8f66e,xxviii.cc,available,4.19,9.99,medium,low,6,namesilo,,,
b491398c-da65-427a-922e-fbdc55472a89,alvine.cc,available,4.19,9.99,medium,low,6,namesilo,,,
f3e35c43-d829-4ce6-a78d-93edecff5ae5,mere.cc,resell,,,high,low,4,"Spaceship, Inc.",13/01/2026 09:23,13/01/2027 09:23,
7eb049fb-16df-4e8e-837e-4efc92d33d84,searching.cc,resell,,,high,low,9,Dynadot Inc,27/09/2025 07:23,27/09/2026 07:23,
9b24f143-7f3b-41de-ad9d-02c77352fb51,dime.cc,resell,,,high,low,4,"Spaceship, Inc.",31/10/2022 08:01,31/10/2026 08:01,
02d4de78-77e0-4b31-ae76-88b01910e012,avuncular.cc,available,4.19,9.99,medium,low,9,namesilo,,,07/08/2026 23:51
4cb083d6-d000-4fdd-bd5f-6415a5026d24,abysmal.cc,available,4.19,9.99,high,low,7,namesilo,,,
be46ac33-52db-462f-a3af-05565a43b80a,buddy.cc,resell,,,high,low,5,Dynadot Inc,02/12/2008 09:13,02/12/2026 09:13,
a8b8a840-ea95-4efb-a40f-8b4b07274519,gene.cc,resell,,,high,low,4,"GoDaddy.com, LLC",01/01/2017 09:00,01/01/2027 09:00,
6d9d159d-dce7-4690-998a-6e325393c614,wasnt.cc,available,,,low,low,5,,,,
a64b497f-1e6e-408e-96eb-fd00b36791b1,playacting.cc,available,5.98,13.98,medium,low,10,namecheap,,,
32c2bdfd-4c3b-44af-adb1-4959d811ca57,terrifying.cc,available,4.19,9.99,medium,low,10,namesilo,,,
b7d900c7-9cc5-4cc1-8c15-d256f952f95d,whereabouts.cc,available,13.98,,high,low,11,namecheap,,,
b6a4a7b4-06ae-418c-bff7-5db1237cd1a7,grinning.cc,available,4.19,9.99,high,low,8,namesilo,,,
5a6c68d4-0c7c-426a-894c-d0cf014d2f63,practicing.cc,available,4.19,9.99,high,low,10,namesilo,,,
5f7c908f-d8c9-45ef-bc14-f13b6b3cf5a6,admissible.cc,available,,,high,low,10,,,,
4d773312-56dc-4f0d-8cf7-b63b88442744,currency.cc,resell,,,high,low,8,Dynadot Inc,17/08/2018 08:00,17/08/2027 08:00,21/09/2026 00:06
94a997a5-eaf5-4e48-9982-bd9638fccaa1,consult.cc,resell,,,high,low,7,"GoDaddy.com, LLC",11/04/2021 08:01,11/04/2027 08:01,
a6891670-0103-4923-9051-2237b1a40681,hazard.cc,resell,,,medium,low,6,Dynadot Inc,16/09/2024 02:20,16/09/2026 02:20,
22cf3856-b28b-4bf8-a408-4d79bbe001c8,additive.cc,resell,,,high,low,8,Dynadot Inc,25/09/2025 14:56,25/09/2028 14:56,
03580274-7d3e-432c-ad3d-61074d1e7f00,worst.cc,resell,,,medium,low,5,"Spaceship, Inc.",14/02/2019 19:17,14/02/2027 19:17,
6da62515-31b3-4fc1-a964-992cc7c6a5dd,evaporate.cc,available,4.19,9.99,high,low,9,namesilo,,,
aeb2da7f-83a2-44a0-a03b-626219c68cfc,reveal.cc,resell,,,high,low,6,"GoDaddy.com, LLC",17/12/2017 18:58,17/12/2026 18:58,
8f5314e2-7396-4bad-95f5-36bdae3bd21e,jasmine.cc,resell,,,high,low,7,"GoDaddy.com, LLC",26/10/2018 06:04,26/10/2026 06:04,08/09/2026 14:04
97af4485-8fd0-4a98-b0f7-7d00321769f3,continuously.cc,available,4.19,9.99,medium,low,12,namesilo,,,
2e3cfb62-5c2c-4879-ad7d-eff5254da628,ambiguous.cc,available,,,high,low,9,,,,
dce29704-8399-45b7-8122-7a8f5ab742d2,ascendent.cc,available,4.19,9.99,medium,low,9,namesilo,,,
552d337d-5ecb-4314-a40d-5ae0ff64ce3f,acerbic.cc,available,4.19,9.99,medium,low,7,namesilo,,,
0d11e7a4-9cff-4864-8a70-192e0d135875,diligence.cc,resell,,,high,low,9,Dynadot Inc,26/01/2023 13:56,26/01/2027 13:56,
db74023f-1ebd-4f2e-b398-fe60aa436721,utterly.cc,available,4.19,9.99,high,low,7,namesilo,,,
eb37c6fc-fb32-425f-b967-0019559e3928,indoaryan.cc,available,4.19,9.99,medium,low,10,namesilo,,,06/08/2026 23:56
81f062b0-60ca-4d4d-871d-b56431e591d4,abbatial.cc,available,4.19,9.99,medium,low,8,namesilo,,,
241ded69-7eae-4b64-b38f-bc8f5ea4ac62,incidental.cc,available,4.19,9.99,high,low,10,namesilo,,,
addb456f-75fc-4963-b067-2aaf0ebbcf79,modelling.cc,available,,,high,low,9,,,,
f87b28dc-12e3-4f2e-96eb-52b37fb105d2,annalistic.cc,available,4.19,9.99,high,low,10,namesilo,,,
12b2ff08-a0dd-41f1-acd3-a25435dd2bef,sixty.cc,resell,,,high,low,5,Gname.com Pte. Ltd.,12/11/2024 09:03,12/11/2026 09:03,
f55a0a2b-e92c-4888-9a39-4d6cc28c9ebf,boarded.cc,available,4.19,9.99,high,low,7,namesilo,,,
af76a5d0-2a91-4449-b367-dcdc0e0bc78a,acrid.cc,available,4.19,9.99,medium,low,5,namesilo,,,
0a9d250b-db9d-4897-8e3f-0c4bd5990200,compete.cc,resell,,,high,low,7,Unstoppable Domains Inc.,22/08/2013 21:35,22/08/2027 21:35,22/09/2026 08:25
e89ca64c-37c4-498c-90b7-e0ee08fcfcaf,discerning.cc,available,4.19,9.99,high,low,10,namesilo,,,06/08/2026 08:23
29d9fef5-35b9-491e-b384-1455888874ae,adviseable.cc,available,4.19,9.99,high,low,10,namesilo,,,
41719ce1-aede-49bf-b12b-bbcef7c108ba,sink.cc,resell,,,high,low,4,"Spaceship, Inc.",12/01/2026 10:35,12/01/2027 10:35,
54e9e9de-ce66-4641-a801-e430ef109a94,coach.cc,resell,,,high,low,5,"Alibaba Cloud Computing (Beijing) Co., Ltd.",21/07/2019 08:00,21/07/2027 08:00,19/09/2026 16:03
c6084a64-a672-4a02-81b7-afa4f320f42f,amharic.cc,available,4.19,9.99,medium,low,7,namesilo,,,
4120fee4-8501-446b-847c-ef307c6b3a07,creek.cc,resell,,,high,low,5,Tencent Cloud Computing (Beijing) Limited Liability Company,08/04/2023 08:02,08/04/2027 08:02,
6ec9b728-8b97-4212-a837-4d16d3a231cc,bluetooth.cc,resell,,,high,low,9,Dynadot Inc,26/01/2008 16:58,26/01/2027 16:58,
d6547038-4f23-46c6-a459-d71f997a5c73,orangutan.cc,available,13.98,,high,low,9,namecheap,,,
d390b86e-8bec-4afd-b8ba-9c27c1274a24,jewelry.cc,resell,,,high,low,7,"22net, Inc.",15/06/1998 07:00,01/10/2027 07:00,
db75e4c3-ea50-4491-904a-ba521d7c3b38,hatred.cc,available,4.19,9.99,medium,low,6,namesilo,,,
bafb3b48-4877-4d3d-863b-f8f2df74937b,slowness.cc,available,4.19,9.99,high,low,8,namesilo,,,
c55e68c8-91a5-4c35-964c-4d3b74d1a355,autoerotic.cc,available,5.98,13.98,low,low,10,namecheap,,,07/08/2026 20:01
f890f1d6-c1dd-4c53-87b8-6e7f4d719fad,influenced.cc,available,4.19,9.99,high,low,10,namesilo,,,
f95fa1ce-4f23-415d-a0dc-b231b9f96773,supported.cc,available,4.19,9.99,high,low,9,namesilo,,,
4082b99d-ee8f-43f6-9307-d5a9794dcacf,brotherhood.cc,available,4.19,9.99,high,low,11,namesilo,,,
68a54e4e-cb3a-42a0-b763-4b17f217f2fd,beaked.cc,available,4.19,9.99,medium,low,6,namesilo,,,09/08/2026 03:50
08d3b5ce-78c1-4a08-9aae-814778272e12,asymptotic.cc,available,4.19,9.99,medium,low,10,namesilo,,,07/08/2026 10:30
eabb26f7-5052-488b-93c6-c9e5ea64fa56,clergy.cc,available,4.19,9.99,high,low,6,namesilo,,,
d629d25f-6f72-49f7-b625-534066782681,pronounced.cc,available,4.19,9.99,high,low,10,namesilo,,,
08645b0c-d4f0-41d7-a654-a5637e3e5a7c,buying.cc,resell,,,high,low,6,Dynadot16 LLC,13/06/2020 08:00,13/06/2026 08:00,
f14d60a4-f0ce-421a-940c-34e0c7080bfa,aguish.cc,available,4.19,9.99,medium,low,6,namesilo,,,
0a7a4f39-160a-4114-a2b6-bceac7f430a8,infuriated.cc,available,4.19,9.99,medium,low,10,namesilo,,,
82a8434e-7761-4b3e-9401-de9a05df1a53,disgust.cc,available,4.19,9.99,high,low,7,namesilo,,,
8422defa-be43-404f-8111-f23454567397,rural.cc,resell,,,high,low,5,Xin Net Technology Corporation,19/07/2025 08:02,19/07/2027 08:02,08/09/2026 07:52
9b749fa6-7f59-4cc7-aced-f1adf3db7105,proficiency.cc,available,4.19,9.99,high,low,11,namesilo,,,
2895043a-a847-4be9-bc1e-cbb48546edd4,resemblance.cc,available,4.19,9.99,high,low,11,namesilo,,,
08c66dec-fbe4-4b5d-916e-b3b9c56d420c,besides.cc,available,,,high,low,7,,,,
686906aa-c2c2-40b6-b753-598537083998,provision.cc,resell,,,high,low,9,Dynadot Inc,01/10/2020 22:37,01/10/2026 22:37,
8a224ae8-c2bd-4e96-9fbe-9d9cbbd270a2,harmony.cc,resell,,,high,low,7,"Alibaba Cloud Computing (Beijing) Co., Ltd.",26/07/2002 14:26,26/07/2027 14:26,20/09/2026 00:22
36255517-1fbb-42f6-9aaf-843fdb8528ce,loved.cc,resell,,,high,low,5,Dynadot Inc,06/10/2024 08:02,06/10/2026 08:02,
e7983ee2-7f3f-4190-9005-54b88a285745,fibre.cc,resell,,,high,low,5,"eName Technology Co., Ltd.",23/12/2012 09:01,23/12/2026 09:01,
9952f487-98f1-43d1-ab17-39a2e8efaee9,phony.cc,resell,,,medium,low,5,Porkbun LLC,08/07/2022 17:58,08/07/2029 17:58,08/08/2026 23:09
bbbf3075-39e7-460f-b421-91223f32a6e6,agonising.cc,available,4.19,9.99,medium,low,9,namesilo,,,
c2f1c34e-6035-450b-8f8f-f6302323aaee,wrestling.cc,resell,,,high,low,9,Dynadot Inc,11/02/2026 09:10,11/02/2027 09:10,
8eed54fe-9c8c-4a5c-9935-791b0e7c8552,leash.cc,resell,,,high,low,5,Dynadot Inc,22/12/2023 05:08,22/12/2026 05:08,
8ff0a3c4-f8b7-4c0d-ab35-ecc2886f1cf1,vexatious.cc,available,4.19,9.99,medium,low,9,namesilo,,,
17a198a1-ad04-4c4c-9624-0501d83a40fd,protect.cc,resell,,,high,low,7,Dynadot Inc,24/09/2007 08:00,24/09/2026 08:00,
bbaef188-ea2b-4169-ab62-b72beaa16115,primary.cc,resell,,,high,low,7,"humbly, LLC - ccTLD",20/08/2021 08:00,20/08/2027 08:00,20/09/2026 22:34
7cd13022-a20f-41c0-a2aa-34d7ce897bce,eased.cc,available,4.19,9.99,high,low,5,namesilo,,,
7f6f16ea-1e64-44cb-9d57-cb14c858a728,change.cc,resell,,,high,medium,6,Gname 251 Inc,13/01/2026 09:05,13/01/2027 09:05,
e1eb0135-28a5-4b1c-a557-bd68583440a1,analogous.cc,available,4.19,9.99,medium,low,9,namesilo,,,
0c68537e-8ade-41d6-890b-1c45b9b1bc8a,aleut.cc,available,4.19,9.99,high,low,5,namesilo,,,
f43a4e57-7751-4706-9a49-e6f899638535,anemic.cc,available,4.19,9.99,medium,low,6,namesilo,,,
48bf027f-895c-4dc9-8b9d-2e086570c512,germicidal.cc,available,4.19,9.99,medium,low,10,namesilo,,,08/08/2026 07:07
612d5b1b-7edc-407a-968d-073b1838bc2f,pledged.cc,available,4.19,9.99,high,low,7,namesilo,,,
4f4b5816-56c3-455f-a518-4fee89c0fefc,monday.cc,resell,,,high,low,6,"GoDaddy.com, LLC",11/12/2005 15:54,11/12/2026 15:54,
919aa9c7-e372-4d04-b692-cc2a26aa7282,asserted.cc,available,4.19,9.99,medium,low,8,namesilo,,,07/08/2026 05:54
aa3bd10e-7f89-4432-9935-d4958497e9b4,really.cc,resell,,,high,low,6,Dynadot Inc,11/04/2024 08:03,11/04/2027 08:03,
dbe6ee40-27a6-4625-8684-a525e95af06a,bacchanal.cc,available,4.19,9.99,high,low,9,namesilo,,,08/08/2026 04:14
e24a40ee-a656-4733-b2df-3d5840d4b52a,altruist.cc,resell,,,high,low,8,Dynadot Inc,21/01/2025 14:56,21/01/2028 14:56,
70ebe27f-d169-492d-97de-a23f704de3be,meaning.cc,resell,,,high,low,7,"Spaceship, Inc.",26/02/2026 04:38,26/02/2027 04:38,
e39a5ce4-68ab-4ce8-8a9b-6ec7d6e39e6f,quest.cc,resell,,,high,medium,5,"GoDaddy.com, LLC",20/09/2011 15:18,20/09/2026 15:18,
230f325f-0c6d-447f-9eea-e9ce558b75bf,lxxi.cc,available,4.19,9.99,medium,low,4,namesilo,,,
38c1ad84-8d63-4d3d-9bc7-8d39d31cbb47,petite.cc,resell,,,medium,low,6,Dynadot Inc,05/03/2026 09:32,05/03/2027 09:32,08/08/2026 14:24
b1828456-4b6b-4e9b-b730-d59932393e17,commission.cc,resell,,,high,low,10,Dynadot3 LLC,31/12/2019 09:00,31/12/2026 09:00,
334ec5e9-c5e0-4dea-b743-76bfad3a199c,belgian.cc,resell,,,medium,low,7,"Spaceship, Inc.",09/02/2000 08:00,09/02/2027 08:00,09/08/2026 12:51
6950c0c9-7c34-467c-b1ab-86deaa3c7088,arthurian.cc,available,4.19,9.99,medium,low,9,namesilo,,,06/08/2026 23:21
41a582c9-c365-4abf-9f45-a2b4f53d1eb7,beamish.cc,available,4.19,9.99,medium,low,7,namesilo,,,09/08/2026 04:08
e152e413-3e54-4caf-8a5e-3e64a5f766a6,algonquin.cc,available,4.19,9.99,high,low,9,namesilo,,,
a7d289dd-1d8a-480b-bec4-517faec5c462,soundlike.cc,available,4.19,9.99,low,low,10,namesilo,,,
845c0244-f70a-4a91-92ea-40e59ab02a93,train.cc,resell,,,high,low,5,Alibaba Cloud Computing Ltd. d/b/a HiChina (www.net.cn),20/01/2004 23:39,20/01/2027 23:39,
62ae26b0-22ae-4435-9c07-71e3aa0eecf8,algerian.cc,available,4.19,9.99,high,low,8,namesilo,,,
d32dd915-1e77-472b-8c42-d3659afe0dee,because.cc,resell,,,high,low,7,"GoDaddy.com, LLC",25/09/2010 18:45,25/09/2026 18:45,
c47e792b-61e8-45ed-8361-786d431f662a,hours.cc,resell,,,high,low,5,"Spaceship, Inc.",18/01/2026 07:59,18/01/2027 07:59,
7d3564c0-39fa-411a-a85d-7e811b42b677,aborigine.cc,resell,,,high,low,9,"GoDaddy.com, LLC",05/02/2023 19:33,05/02/2027 19:33,
202ca6c9-3a8f-47c8-9ea6-7efc15182d69,rheumatoid.cc,available,4.19,9.99,medium,low,10,namesilo,,,06/08/2026 23:10
cc85d7fd-d3b5-4936-ab29-cf3c1c2bc970,acinar.cc,available,4.19,9.99,medium,low,6,namesilo,,,
4f0bb9c5-097d-4bcf-bb9e-8e4e0474a1d1,birds.cc,resell,,,high,low,5,Dynadot Inc,07/11/2022 09:01,07/11/2027 09:01,
ba78eecb-f213-410c-b480-efbab271584a,merely.cc,available,4.19,9.99,medium,low,6,namesilo,,,
b2fe357a-4253-4919-9afc-5d4bc1b45d24,dispatching.cc,available,4.19,9.99,high,low,11,namesilo,,,
0a496886-4e13-413c-b533-10bf810ae578,centesimal.cc,available,4.19,9.99,medium,low,10,namesilo,,,
d136a463-475d-4387-aaa3-7d9689a82877,mouse.cc,resell,,,high,low,5,Alibaba Cloud Computing Ltd. d/b/a HiChina (www.net.cn),26/09/2005 19:17,26/09/2026 19:17,
2d92e109-f88b-40ee-8c5e-d428c100b385,lowbrow.cc,available,4.19,9.99,medium,low,7,namesilo,,,
61ecae65-7875-458d-a0a6-9b0e8357aff5,literal.cc,available,,,high,low,7,,,,
056fddaa-e0c4-4219-a518-174c674e0d01,alaskan.cc,available,4.19,9.99,high,low,7,namesilo,,,
386842f8-619b-4c2b-8c65-9444166d33c8,stage.cc,resell,,,high,medium,5,Dynadot Inc,22/09/2023 08:04,22/09/2026 08:04,
8352ec66-5d0d-4561-9ac7-068e44020af0,speak.cc,resell,,,high,low,5,"GoDaddy.com, LLC",15/09/2007 19:24,15/09/2026 19:24,
320045bc-d38b-440d-b9fa-fe25cd4a1ac5,king.cc,resell,,,high,medium,4,"eNom, LLC",09/12/2004 01:44,09/12/2030 01:44,
b97477e2-6edc-445c-b0dd-4c693b46fb95,aflare.cc,available,,,medium,low,6,,,,
18cfbd30-13ab-43eb-a9dc-68f85f603cb0,prolife.cc,resell,,,high,low,8,Dynadot Inc,08/10/2025 08:48,08/10/2026 08:48,
1498a1bd-8a3c-4706-bc2d-c45f3b42c40d,taxation.cc,available,,,high,low,8,,,,
58a72bb0-b3ae-4c11-8f6d-be0507f3e1d3,influential.cc,resell,,,high,low,11,Dynadot Inc,28/08/2026 08:04,28/08/2027 08:04,08/09/2026 05:20
5ba50abd-8ee8-4e9c-b8b8-fdc315f5ff41,philly.cc,resell,,,high,low,6,"GoDaddy.com, LLC",09/09/2022 12:08,09/09/2026 12:08,
3b25b6fa-4211-4adb-94d6-3c559407b5e8,arterial.cc,available,4.19,9.99,high,low,8,namesilo,,,06/08/2026 22:29
1f33861a-b2f5-4b41-afb4-4781a32ba6f2,carsick.cc,available,5.98,13.98,medium,low,7,namecheap,,,
c36c849f-884b-4823-ba99-bb4a96c6610c,adherent.cc,available,4.19,9.99,high,low,8,namesilo,,,
e7c26662-f0af-46a8-b0c5-46dc4f56635f,streamer.cc,resell,,,high,low,8,Gname 027 Inc,14/04/2025 08:02,14/04/2026 08:02,
894a60ec-c955-4f22-b7ab-23366a64b7e8,angled.cc,available,4.19,9.99,high,low,6,namesilo,,,
5fb68480-4106-4320-a3b5-3690051d3b1d,disassemble.cc,available,4.19,9.99,high,low,11,namesilo,,,
595d8839-c9b7-43bf-bae8-000c611a52b9,capitalise.cc,available,4.19,9.99,high,low,10,namesilo,,,
05f15442-72c0-4001-83b3-b0aa31b1f757,outback.cc,resell,,,high,low,7,Dynadot Inc,16/10/2021 15:37,16/10/2026 15:37,
b1d959bc-1a1c-4a76-9077-3bfcf2025a82,terrified.cc,available,4.19,9.99,medium,low,9,namesilo,,,
d81c1b3f-ddb2-46a2-b626-108c1097794d,dormant.cc,available,4.19,9.99,high,low,7,namesilo,,,
5947ae4d-63c7-4678-958d-dd2fe979dbf8,peeking.cc,available,4.19,9.99,high,low,7,namesilo,,,
6224a231-373f-4a4b-ba42-b03a9ac61489,invincible.cc,resell,,,high,low,10,Dynadot Inc,13/09/2022 16:01,13/09/2026 16:01,
bb47baef-572e-47b6-9522-8790a9a550f4,achromic.cc,available,4.19,9.99,medium,low,8,namesilo,,,
dde35789-dfec-4702-be75-20b731eb8407,proved.cc,available,4.19,9.99,high,low,6,namesilo,,,
bbc78d52-5585-42d1-8fd4-c86e0a9f121c,glitter.cc,resell,,,high,low,7,Dynadot Inc,02/09/2024 04:46,02/09/2027 04:46,23/09/2026 23:19
07e45423-36a5-418f-9258-43be0e305371,attempted.cc,available,4.19,9.99,medium,low,9,namesilo,,,07/08/2026 15:12
6a1dd53b-38cb-4fc5-988e-907192cbab9d,baleful.cc,available,4.19,9.99,medium,low,7,namesilo,,,08/08/2026 09:39
bc7c7cba-891d-4a50-b74c-de58314913d5,debt.cc,resell,,,high,low,4,Dynadot Inc,03/03/2011 09:00,03/03/2027 09:00,
229af284-a358-4902-a441-0a039c16f492,cent.cc,resell,,,high,low,4,Alibaba Cloud Computing Ltd. d/b/a HiChina (www.net.cn),29/10/2025 08:02,29/10/2027 08:02,08/09/2026 08:07
82a64d7f-ca22-46fd-bdab-aaab52ee6ad7,pungent.cc,available,5.98,13.98,high,low,7,namecheap,,,
135dcb92-ffe5-483d-a868-a0fb62d09594,nutrient.cc,resell,4.19,9.99,high,low,8,Dynadot Inc,07/05/2026 10:29,07/05/2029 10:29,08/09/2026 11:42
0e83179c-2f6d-4d7f-bc86-af7f01e8cabc,sentence.cc,resell,,,high,low,8,"NameSilo, LLC",19/11/2015 15:41,19/11/2026 15:41,
e2ad1502-23d6-4afa-9b37-ea560202fb43,briefing.cc,available,4.19,9.99,high,low,8,namesilo,,,
29cddc9b-3990-4682-8eda-34c26ef6ce30,nonplussed.cc,available,4.19,9.99,medium,low,10,namesilo,,,07/08/2026 10:48
ea943a2c-f5dc-41b2-b2ac-0fbaa2c390f6,dickhead.cc,available,4.19,9.99,medium,low,8,namesilo,,,08/08/2026 23:34
ccc8f255-ff6f-49a3-9c8b-4a137f311241,hungry.cc,resell,,,high,low,6,Dynadot Inc,26/10/2022 10:23,26/10/2026 10:23,
6bbc9bda-6d02-4875-879e-fff43f6ba878,arboreous.cc,available,4.19,9.99,medium,low,9,namesilo,,,06/08/2026 12:59
62609997-2da3-4b9b-a8bc-76bec20032d0,hardly.cc,available,13.98,,high,low,6,namecheap,,,
bb3eafb6-47d0-44bd-a12e-1f7a51f7a725,aground.cc,available,4.19,9.99,high,low,7,namesilo,,,
3d7eb5ae-69be-4d8a-802e-03ce880ca3a5,comprehend.cc,available,4.19,9.99,high,low,10,namesilo,,,
a33cc6b4-0424-4e96-8514-f555debbe8f8,bewildered.cc,available,4.19,9.99,medium,low,10,namesilo,,,07/08/2026 11:52
2cf4c350-ba17-4b88-b391-3df81aaf33c8,tailless.cc,available,4.19,9.99,medium,low,8,namesilo,,,05/08/2026 21:33
caa47d73-30ac-478b-859f-2981a5f3d6af,auricular.cc,available,,,medium,low,9,,,,
2a53b118-ff09-4167-a1b4-0fa69f2f0a0b,opposable.cc,available,4.19,9.99,medium,low,9,namesilo,,,06/08/2026 07:43
f50b547f-bffe-47ff-958d-8c249e57660e,scrubbed.cc,available,4.19,9.99,high,low,8,namesilo,,,
5836205d-445f-4087-820d-de8ce6dc70d4,camouflage.cc,resell,,,high,low,10,Dynadot Inc,04/10/2024 18:26,04/10/2026 18:26,
0554f7b9-8cee-44a7-bbdb-60dd49853d5c,artesian.cc,available,4.19,9.99,high,low,8,namesilo,,,06/08/2026 22:39
8b89f498-2334-4258-87df-a4d6b6aa4cb7,autumn.cc,resell,,,high,low,6,"eName Technology Co., Ltd.",13/01/2013 09:02,13/01/2027 09:02,
e4a025cd-956d-4c55-b5b0-013dedcdced6,sunbaked.cc,available,4.19,9.99,medium,low,8,namesilo,,,
cabac8f7-8ed6-4f88-ab68-51a55a171ea1,wakening.cc,available,4.19,9.99,high,low,8,namesilo,,,
ab8535a1-224b-4869-8bc6-2cf1f330c6e9,addable.cc,available,4.19,9.99,medium,low,7,namesilo,,,
01fc72a3-3524-4c61-bc90-a90bada75394,armoured.cc,available,5.98,13.98,high,low,8,namecheap,,,06/08/2026 20:10
d64c48b5-d96d-4fb1-9ca8-290aec7b0d2c,abridged.cc,available,4.19,9.99,high,low,8,namesilo,,,
e4ddc639-f37f-44f3-b274-be502ee58017,apocryphal.cc,available,4.19,9.99,medium,low,10,namesilo,,,06/08/2026 01:11
ede420b5-2d9b-42cc-9227-1181a9384143,lxxv.cc,available,,,medium,low,4,,,,
8a86b277-1a4a-4ab3-8298-ad2f0466d5ea,workings.cc,available,4.19,9.99,high,low,8,namesilo,,,
192028e1-7e7f-4361-b516-ec41d4041818,dawn.cc,resell,,,high,low,4,"eName Technology Co., Ltd.",23/10/2012 08:02,23/10/2026 08:02,
8d7de91f-55b8-4404-8391-1b5bd3e04d22,achaean.cc,available,4.19,9.99,medium,low,7,namesilo,,,
40a250ff-749b-45d8-8bcb-8cf382bdd225,militant.cc,available,5.98,13.98,high,low,8,namecheap,,,
5dcf706e-7538-4226-9aa4-700fc9ae5a9f,kamikaze.cc,available,,,medium,low,8,,,,
9dd0ab2a-0ef9-4947-904b-94f3b5e88f45,baseborn.cc,available,4.19,9.99,low,low,8,namesilo,,,08/08/2026 21:34
52be1026-de03-4eaa-ae75-997c90b0e1ef,redo.cc,resell,,,high,low,4,"GoDaddy.com, LLC",13/01/2020 15:08,13/01/2027 15:08,
970142be-da2e-4162-a8d7-a760ad228723,associate.cc,resell,,,high,low,9,Dynadot Inc,18/09/2020 08:00,18/09/2026 08:00,07/08/2026 06:50
984e5c54-9aa8-4be0-9253-91a867961233,springtime.cc,available,13.98,,high,low,11,namecheap,,,
9dd54e07-bc2a-4f3e-bbb6-797d5d7f5b3d,participating.cc,available,4.19,9.99,medium,low,13,namesilo,,,
71691c17-0f15-4670-80ce-9247c21dd3a6,marooned.cc,available,4.19,9.99,medium,low,8,namesilo,,,
4508b372-7c94-40e5-b316-46ddbf54d44f,share.cc,resell,,,high,medium,5,Realtime Register B.V.,16/06/2009 08:00,16/06/2026 08:00,
925db29f-1f66-4ace-9bcd-1ccbb1ed6a7a,supplier.cc,resell,,,high,low,8,"NameSilo, LLC",06/01/2006 12:03,06/01/2027 12:03,
3ba97701-a8ad-4df2-80d2-72c75b50ec4d,shoe.cc,resell,,,high,low,4,Gname 010 Inc,29/03/2026 08:04,29/03/2027 08:04,
fa63d8c1-28d1-4cb2-8aff-1d9425cf988b,cheese.cc,resell,,,high,low,6,"GoDaddy.com, LLC",18/01/2016 09:02,18/01/2027 09:02,25/08/2026 07:42
a2ba24a4-7683-41ea-88f5-4a9ee3522bfd,reversible.cc,available,4.19,9.99,high,low,10,namesilo,,,
b65c3f92-64d9-4e12-b6fa-a1ed36390669,remote.cc,resell,,,high,medium,6,"GoDaddy.com, LLC",16/12/2008 09:04,16/12/2026 09:04,
fe4873ea-77eb-4098-8975-8d3431266142,mothafucker.cc,available,4.19,9.99,medium,low,11,namesilo,,,
0435acd3-0f44-4dbd-bc03-9f09c53f3f5f,diverted.cc,available,5.98,13.98,medium,low,8,namecheap,,,
9fa9fc16-e13e-4371-b7c1-fab080ebbefe,exhibition.cc,resell,,,high,low,10,"Alibaba Cloud Computing (Beijing) Co., Ltd.",26/02/2019 09:12,26/02/2027 09:12,
ffde34a6-e507-45fa-99ef-b9f0681468b5,living.cc,resell,,,high,low,6,"eNom, LLC",03/06/2007 15:11,03/06/2026 15:11,
e814e06a-9b56-4be7-8e22-5e2aabdf35c8,sunhat.cc,available,13.98,,high,low,6,namecheap,,,
89e24b13-27c3-4d7e-b9c8-7b2b1c0fc4f2,philistine.cc,available,4.19,9.99,medium,low,10,namesilo,,,
923337e9-ff9b-4ae6-820a-19c84b05d658,congregation.cc,available,4.19,9.99,high,low,12,namesilo,,,
99cb3c6d-97b6-47e7-9b3c-59641ece2e75,adipose.cc,available,4.19,9.99,medium,low,7,namesilo,,,
0eb9426e-a2b7-4d49-ba3b-02935c733e86,googler.cc,premium,13.98,,high,low,7,namecheap,,,
143aa370-2316-4aa8-9d12-056265d2a661,eolotropic.cc,available,4.19,9.99,medium,low,10,namesilo,,,
b4de9064-cfd8-4e8d-9943-6466050416d0,pitted.cc,available,4.19,9.99,medium,low,6,namesilo,,,
50c55e6c-cfa0-4960-961d-1331fcba65e9,spiny.cc,available,5.98,13.98,medium,low,5,namecheap,,,08/08/2026 17:49
ab7e0775-c551-4916-a1a3-bdba0a225784,try.cc,resell,,,high,low,3,"22net, Inc.",22/02/2013 09:02,22/02/2027 09:02,20/09/2026 22:34
31e91ebc-89b8-4d82-95e9-b505cc547deb,appetizing.cc,available,4.19,9.99,high,low,10,namesilo,,,06/08/2026 06:45
4d1af1e4-e7f8-4396-8f06-664ef15e8e17,definitely.cc,available,4.19,9.99,high,low,10,namesilo,,,
3331cdd2-cbc7-4c6f-9481-73d8a0dabb94,ass.cc,resell,,,high,low,3,DropCatch.com 617 LLC,31/12/2015 09:04,31/12/2026 09:04,09/08/2026 12:05
68ba41fc-3628-43a4-bb07-5e7c9ee35964,cleansing.cc,available,4.19,9.99,high,low,9,namesilo,,,
45932ea5-d1fc-45fe-a956-e0a9d5e2f6d4,traveled.cc,available,4.19,9.99,high,low,8,namesilo,,,
f339a790-fb4c-4680-97bd-7e01f5b361c7,timeworn.cc,available,4.19,9.99,medium,low,8,namesilo,,,08/08/2026 11:14
aa84e3c7-9e35-4a79-897f-2728965c8565,roiled.cc,available,4.19,9.99,medium,low,6,namesilo,,,
afef1b68-3600-4a01-abba-47ae466f87ff,union.cc,resell,,,high,low,5,"Alibaba Cloud Computing (Beijing) Co., Ltd.",22/07/2015 08:07,22/07/2027 08:07,19/09/2026 17:47
e6b4f337-5cae-4da8-8cae-c771f24680b6,closest.cc,available,13.98,,high,low,7,namecheap,,,
d82551a2-f8ef-4621-b7c6-7623d6476f65,aimless.cc,available,,,medium,low,7,,,,
0aa4d265-a1bc-4022-ba28-4903f38f7098,promise.cc,resell,,,high,low,7,GoDaddy Online Services Cayman Islands Ltd.,22/10/2006 16:55,22/10/2026 16:55,
55a53385-a99f-4c8f-a8d9-c829ae9774fa,relationship.cc,resell,,,high,low,12,"Spaceship, Inc.",11/01/2026 09:10,11/01/2027 09:10,
9b453918-3b68-419c-830a-44860d02ff75,grievous.cc,available,4.19,9.99,medium,low,8,namesilo,,,07/08/2026 14:41
5c14591b-6a51-4f8e-bd8f-9591c9e1dfc0,tuesdays.cc,available,13.98,,high,low,8,namecheap,,,
c5ee2071-cb59-443e-a1cf-0ab91e8c9afa,armenian.cc,available,,,high,low,8,,,,
44269600-b317-4b2f-84b4-c3df07b4941f,bawdy.cc,available,4.19,9.99,medium,low,5,namesilo,,,09/08/2026 02:05
34d110c3-d3c6-41e4-b2b1-1467fdd0b210,kookie.cc,available,5.98,13.98,medium,low,6,namecheap,,,06/08/2026 21:09
2c90efb4-251b-474a-971c-25efa10e2b9d,retardant.cc,available,4.19,9.99,medium,low,9,namesilo,,,
a07ebd06-de22-47b0-873f-03e0eb463a3a,perform.cc,resell,,,high,low,7,Edomains LLC,28/08/2025 08:03,28/08/2027 08:03,22/09/2026 19:07
95f6d62d-84a0-497b-9aee-4d7911079a72,across.cc,resell,,,high,low,6,Dynadot Inc,14/05/2024 13:45,14/05/2028 13:45,
d724c67c-5d9d-41cc-9e84-73ea8751834e,aboard.cc,available,4.19,9.99,high,low,6,namesilo,,,
6342bb75-310a-4f70-8148-ac8858ff9e9e,respectively.cc,available,4.19,9.99,medium,low,12,namesilo,,,
408f9b77-75bb-40cb-a572-f76b1a1785ba,sob.cc,resell,,,high,low,3,"Spaceship, Inc.",18/03/2006 21:35,18/03/2027 20:35,08/08/2026 23:48
cc35b82c-2324-4de4-b171-359328100dff,choose.cc,resell,,,high,low,6,"Spaceship, Inc.",11/08/2013 08:13,11/08/2027 08:13,20/09/2026 17:53
43489f2d-c4de-4453-8644-85c1f55c4d5b,bravery.cc,available,13.98,,high,low,7,namecheap,,,
4648dc58-b6af-4ee1-b58a-60edee4968c7,aqueous.cc,available,4.19,9.99,high,low,7,namesilo,,,06/08/2026 10:50
16321458-bf4c-4562-8659-ec956c5d8761,paddle.cc,resell,,,high,high,6,"GoDaddy.com, LLC",18/10/2018 17:03,18/10/2026 17:03,
101c25a2-9e0d-4eeb-854b-d14bf61192db,exclusively.cc,available,4.19,9.99,medium,low,11,namesilo,,,
583b663a-4293-4455-ae6c-4ab3850da3e8,steamed.cc,available,4.19,9.99,high,low,7,namesilo,,,
775b0320-0e18-43b9-a289-2a8b5db2c3e1,autogenic.cc,available,4.19,9.99,medium,low,9,namesilo,,,07/08/2026 20:21
daf09a6b-1ef4-4dc2-88f5-45fff45a2194,warranty.cc,resell,,,high,low,8,"GoDaddy.com, LLC",17/06/2002 20:55,17/06/2026 20:55,
78c50465-5388-4bb8-b2b4-489c7137fcf6,dive.cc,resell,,,high,low,4,Dynadot Inc,10/03/2020 08:02,10/03/2027 09:02,
a7c748f0-5ff4-48db-bce9-85d21a0ef381,exhibit.cc,resell,,,high,low,7,Unstoppable Domains Inc.,18/06/2019 08:00,18/06/2026 08:00,
f08e9762-b2e4-4e07-a647-9d78cc3295af,extempore.cc,available,5.98,13.98,high,low,9,namecheap,,,
66904594-cca8-45e2-a3ca-3bbe1a6bc2fe,smartphone.cc,resell,,,high,low,10,Gname.com Pte. Ltd.,24/03/2007 19:22,24/03/2026 19:22,
822d4952-ea5e-4eee-a581-c9de0343bca9,pleasant.cc,available,,,high,low,8,,,,
946c9a04-1c7b-4a9d-9db2-20afb48416c2,vent.cc,resell,,,high,low,4,Gname 125 Inc,18/04/2025 08:03,18/04/2026 08:03,
ec297726-6d0a-4256-a859-6cbe61849e5b,talks.cc,resell,,,high,low,5,"Xiamen ChinaSource Internet Service Co., Ltd",07/02/2026 09:07,07/02/2027 09:07,
48ee65c2-dd9a-455f-9b2c-693a112eed38,digitally.cc,resell,,,high,low,9,Dynadot Inc,25/09/2025 05:31,25/09/2026 05:31,
16130a97-66d0-46d0-a62b-078f9119124e,obsessive.cc,available,13.98,,high,low,9,namecheap,,,
43c50b80-8f1d-4276-b842-730e1ac3a008,astound.cc,available,4.19,9.99,high,low,7,namesilo,,,
87c5e5e3-4355-49db-ae2c-e712e917b2a1,album.cc,resell,,,high,low,5,Dynadot Inc,26/12/2007 16:08,26/12/2026 16:08,
6f3a1eb3-5a87-425c-96d4-aaa9f1ebd095,affidavit.cc,available,4.19,9.99,high,low,9,namesilo,,,
a52b7c09-b05d-4f1c-b697-46d6231e6d11,mac.cc,resell,,,high,high,3,"GoDaddy.com, LLC",08/04/2006 08:54,08/04/2027 08:54,
e3c0ce88-8e94-459a-9e54-35e17fabf8d2,activation.cc,resell,,,high,low,10,"Alibaba Cloud Computing (Beijing) Co., Ltd.",09/09/2017 23:00,09/09/2026 23:00,
a3f1b7b1-b9d9-49d1-aaa3-c6da944c62c4,vomiting.cc,available,4.19,9.99,high,low,8,namesilo,,,
2f66adce-c1c2-46de-a27e-4c2900980463,judges.cc,available,13.98,,high,low,6,namecheap,,,
8130a428-dc3a-42b8-9426-d6b153543fbf,consultive.cc,available,4.19,9.99,medium,low,10,namesilo,,,
5b05980d-3117-4d11-862c-2a1b526edf79,ascendable.cc,available,4.19,9.99,medium,low,10,namesilo,,,07/08/2026 00:35
f1b31f5a-e5c8-49c5-b1cd-1f1d074779cf,wear.cc,resell,,,high,low,4,"GoDaddy.com, LLC",19/06/2009 13:09,19/06/2026 13:09,
4f38cca2-23e7-47bf-804c-3ba9c0556305,cannot.cc,available,4.19,9.99,high,low,6,namesilo,,,
99e975dc-6304-48ee-b593-747d3e13fb19,came.cc,resell,,,high,low,4,"Alibaba Cloud Computing (Beijing) Co., Ltd.",13/01/2014 17:05,13/01/2027 17:05,
1ff8e59c-02ce-4782-8097-5ce75b57648c,despotic.cc,available,5.98,13.98,medium,low,8,namecheap,,,07/08/2026 18:58
85f77539-1752-42cd-8c17-e16e18de3f0a,sugar.cc,resell,,,high,low,5,"Spaceship, Inc.",21/01/2015 09:09,21/01/2027 09:09,
8a3dffce-dcb4-48d4-bcc6-38219596524e,acerb.cc,available,4.19,9.99,medium,low,5,namesilo,,,
7e4d00c4-d6e5-46a7-9779-36bb3f20a3bc,ecommerce.cc,resell,,,high,low,10,Dynadot Inc,15/09/2007 08:00,15/09/2026 08:00,
94a7b8f0-ddb8-49db-82e2-5a8fc990b068,beetling.cc,available,4.19,9.99,medium,low,8,namesilo,,,09/08/2026 08:22
c115bff9-6cc7-4dac-b921-6b58cc574b21,acetous.cc,available,4.19,9.99,medium,low,7,namesilo,,,
38e987af-a3ed-40ba-8777-eedb191be2f3,anaerobic.cc,available,4.19,9.99,medium,low,9,namesilo,,,
9fff6e76-9e3b-4fa1-9258-a754ed78d430,abuzz.cc,available,4.19,9.99,high,low,5,namesilo,,,
9371ee82-ad7f-40e0-ac33-ef62aa402112,promotion.cc,resell,,,high,low,9,"22net, Inc.",13/10/2004 22:23,13/10/2026 22:23,
c2f143eb-2235-4991-a1f6-6624b513ecf6,avellan.cc,available,4.19,9.99,medium,low,7,namesilo,,,07/08/2026 22:24
68ab9bda-f8ad-418c-9ed3-28044820c8c1,aluminous.cc,available,4.19,9.99,medium,low,9,namesilo,,,
6912739a-f7e5-49f9-ada5-8a81b2ba8b8f,media.cc,resell,,,high,medium,5,"GoDaddy.com, LLC",19/11/1997 08:00,19/11/2026 08:00,
a2b26e18-0d7b-4894-af28-e8a67a011965,allegiant.cc,available,4.19,9.99,high,low,9,namesilo,,,
9da8e043-b7df-4c38-9acc-b0d52423073b,nashville.cc,resell,,,high,low,9,GoDaddy Online Services Cayman Islands Ltd.,09/12/2004 13:49,09/12/2026 13:49,
1a8881e2-70e9-40d3-8b05-b8693c7898f8,animals.cc,resell,,,high,low,7,Dynadot Inc,07/09/2010 04:51,07/09/2026 04:51,
3820b61d-666f-46ac-aeca-086431ffc386,whisking.cc,available,4.19,9.99,high,low,8,namesilo,,,
8704a81e-fa49-4100-b432-df16a0aaf856,airline.cc,resell,,,high,low,7,Epik LLC,12/10/1997 04:00,12/10/2026 04:00,
43d788de-fb06-4af3-928f-c05aa133be56,allophonic.cc,available,4.19,9.99,medium,low,10,namesilo,,,
0714392d-f538-4fb1-9379-163a629b7b19,acquirable.cc,available,4.19,9.99,medium,low,10,namesilo,,,
376d94d1-ec48-441a-9ec6-5d1bd1e356f7,advice.cc,resell,,,high,low,6,Unstoppable Domains Inc.,17/02/2007 14:54,17/02/2027 14:54,
57f222c0-2c22-42eb-bf6b-682aa6c7905f,valued.cc,available,4.19,9.99,high,low,6,namesilo,,,
3a8764dd-a55a-4c35-aa45-4c9e2cc677f3,experimentally.cc,available,4.19,9.99,medium,low,14,namesilo,,,
b8acae09-3288-4b36-993e-b4898e74229e,ackack.cc,available,4.19,9.99,medium,low,7,namesilo,,,
c3206d97-fabd-4397-8030-aa81dd461d0f,aramaic.cc,available,4.19,9.99,high,low,7,namesilo,,,06/08/2026 12:13
58b506f1-d068-4d09-9dd3-5389f169e96d,aleutian.cc,available,4.19,9.99,high,low,8,namesilo,,,
0b96ed70-ae35-4a26-9a1f-d7751a157d1b,trader.cc,resell,,,high,low,6,Dynadot Inc,06/09/2005 17:16,06/09/2027 17:16,24/09/2026 06:04
bcb72f15-8ee7-4768-8313-0280fdc50088,treed.cc,available,,,medium,low,5,,,,
60ee086e-c422-42ea-b3f5-ab1f34aec772,wrecked.cc,available,4.19,9.99,high,low,7,namesilo,,,
64831d1e-0d91-4b47-94e1-b17dc7e1bf27,lockbox.cc,resell,,,high,low,7,Dynadot Inc,02/08/2025 05:34,02/08/2028 05:34,
ffa2684e-01ef-45a4-a577-191228673d72,affirmative.cc,available,4.19,9.99,high,low,11,namesilo,,,
8debc9da-d4f4-4bab-8dc5-fa33c8d08542,notion.cc,resell,,,high,low,6,"Spaceship, Inc.",04/03/2015 01:23,04/03/2027 01:23,
d38ffc3b-2c73-4137-adaf-436c81e1186b,corresponding.cc,available,4.19,9.99,high,low,13,namesilo,,,
b08347b7-0a46-4115-a461-104e474bb531,courtyard.cc,resell,,,high,low,9,Dynadot Inc,26/02/2024 05:10,26/02/2027 05:10,
a73e2f78-c109-415f-8f9e-cb9df2c2a609,vindicated.cc,available,4.19,9.99,high,low,10,namesilo,,,08/09/2026 05:23
e6921849-6fe4-4b53-b65f-9ef6ac14c3d0,thoughtless.cc,available,4.19,9.99,medium,low,11,namesilo,,,
9fd38548-4a39-4d5b-b792-f611201d9eba,microphone.cc,resell,,,high,low,10,Dynadot Inc,22/12/2025 02:20,22/12/2026 02:20,
fcfc12ba-e2fd-4880-b276-878d1a950d06,saddening.cc,available,4.19,9.99,medium,low,9,namesilo,,,
7d863c01-2f07-4551-be4e-47a2bf3619df,chin.cc,resell,,,high,low,4,Gname 174 Inc,13/03/2026 08:04,13/03/2027 09:04,
ef8191a2-068b-4340-9879-ffef9098e702,diner.cc,resell,,,high,low,5,Dynadot Inc,24/12/2024 14:34,24/12/2026 14:34,
9dfc9a8c-ffda-43e4-be1f-5f825ea8ac35,fridge.cc,resell,,,high,low,6,"Spaceship, Inc.",08/09/2014 04:20,08/09/2026 04:20,
13900cf8-e06b-4f6c-9d72-87a0de70a302,resounding.cc,available,4.19,9.99,high,low,10,namesilo,,,
868f71e1-5d8b-4a2e-be0f-60cc0e8fe0e5,indifferent.cc,available,4.19,9.99,high,low,11,namesilo,,,
2ca606ec-1f64-4790-99bb-b49cc8f32ef9,breathtaking.cc,available,4.19,9.99,high,low,12,namesilo,,,
c904e823-18be-4b5a-a336-caf4a2bd6e18,vexing.cc,available,4.19,9.99,medium,low,6,namesilo,,,
6c0c0343-22ec-4f5d-8a95-5f311b18ca27,ghostlike.cc,available,4.19,9.99,medium,low,9,namesilo,,,06/08/2026 05:23
bfcf6270-f725-4f00-8338-971134c2ea30,unassuming.cc,available,13.98,,high,low,10,namecheap,,,
6045306a-6990-45f2-8792-7312fc87551a,whoever.cc,available,4.19,9.99,medium,low,7,namesilo,,,
6a45bcc8-4e4b-4c6f-8e93-b05bb850934c,abstracted.cc,available,4.19,9.99,high,low,10,namesilo,,,
dd18614d-7f9f-4401-9e3a-5498afcdfc68,sidelong.cc,available,4.19,9.99,medium,low,8,namesilo,,,07/08/2026 03:26
974d24d8-9a02-45d8-bc01-6d832de21a04,longitude.cc,available,4.19,9.99,high,low,9,namesilo,,,
674f8b90-81d8-4399-a449-5a9d9c20922e,referable.cc,available,4.19,9.99,high,low,9,namesilo,,,07/08/2026 01:28
5131924e-6922-4ac0-bb5c-011034b7610a,acknowledged.cc,available,13.98,,high,low,12,namecheap,,,
48e08f00-bb9a-4014-8811-73061d14e3f3,abdicable.cc,available,4.19,9.99,medium,low,9,namesilo,,,
aae50103-101f-493b-b6e7-11887eb8f33c,plaguy.cc,available,4.19,9.99,medium,low,6,namesilo,,,
6e22d0e9-540a-44a0-8c25-4bdf1b583ded,christ.cc,resell,,,high,low,6,"GoDaddy.com, LLC",21/12/2007 00:02,21/12/2026 00:02,
73cee3d3-fb33-4538-adae-3861307ff25a,acuate.cc,available,4.19,9.99,medium,low,6,namesilo,,,
813b3b36-d4e7-4d9d-9cd2-85e4fd16953f,executing.cc,available,4.19,9.99,high,low,9,namesilo,,,
e3e93b27-a719-4296-af2a-0f2d38003000,extraordinary.cc,resell,,,high,low,13,"Spaceship, Inc.",11/11/2025 07:20,11/11/2026 07:20,
c2d0c4f5-e729-462c-a3bf-e7f8f697a120,spirited.cc,available,4.19,9.99,high,low,8,namesilo,,,
afc979a5-8bec-4e3c-aca6-00961b4312c0,kangeroo.cc,available,4.19,9.99,high,low,8,namesilo,,,
a49f4938-e379-48dd-891b-fa3c3d587353,eighty.cc,resell,,,high,low,6,Alibaba Cloud Computing Ltd. d/b/a HiChina (www.net.cn),15/10/2025 08:47,15/10/2026 08:47,
a3b0fa88-5d31-463e-a8e3-a45c38aeabb9,untypical.cc,available,4.19,9.99,medium,low,9,namesilo,,,07/08/2026 16:10
4edde33f-7849-4ea3-9e79-421a14f247bb,saddle.cc,resell,,,high,low,6,Dynadot Inc,29/10/2025 17:07,29/10/2026 17:07,
e2e16435-4a73-4fa1-bc39-93382646a355,abnaki.cc,available,4.19,9.99,medium,low,6,namesilo,,,
9acc2270-50bc-45fe-9c03-4bd41f31865c,folder.cc,resell,,,high,low,6,Dynadot Inc,09/06/2008 18:59,09/06/2026 18:59,
89ca6696-9411-4ddc-b9af-df3596cfb5eb,creaky.cc,available,4.19,9.99,medium,low,6,namesilo,,,06/08/2026 22:59
db5849f5-4c80-418e-8fcd-dd1b81b90a2f,assuming.cc,available,4.19,9.99,medium,low,8,namesilo,,,07/08/2026 08:16
a44135e6-9f50-4405-bb99-928370d2c75e,reference.cc,resell,,,high,low,9,"GoDaddy.com, LLC",09/03/2004 21:19,09/03/2027 21:19,
782d7c96-c43e-4476-acc9-bad3a0101448,land.cc,resell,,,high,low,4,"GoDaddy.com, LLC",15/08/2005 18:45,15/08/2027 18:45,20/09/2026 22:32
e98388e0-f95e-47e5-b2e5-f27ec532add0,chatbot.cc,resell,,,high,medium,7,"GoDaddy.com, LLC",30/01/2019 09:02,30/01/2027 09:02,
c34aca0d-6df4-4a23-a0e4-34da5bd989fe,supervisor.cc,resell,,,high,low,10,"Spaceship, Inc.",09/03/2026 08:46,09/03/2027 09:46,
7eef2b82-5668-4425-a2cf-ba83e9d9f7b9,journalism.cc,resell,,,high,low,10,Dynadot Inc,05/02/2024 09:32,05/02/2027 09:32,
149e2d72-ada4-48e1-b182-10f1da789bd2,revealing.cc,available,13.98,,high,low,9,namecheap,,,
ac47455a-b155-4f11-bbd3-46b911ee94b5,neutrality.cc,available,13.98,,high,low,10,namecheap,,,
cf5f8e9d-343c-49a0-9625-df66488eaeb3,rideshare.cc,resell,,,high,low,9,Dynadot Inc,05/05/2022 14:21,05/05/2027 14:21,
2dab8444-0956-4753-b771-8528c7cfce24,blowout.cc,available,13.98,,high,low,7,namecheap,,,
16f42728-85e7-4396-8ce6-22056d5a9a4a,escaped.cc,available,4.19,9.99,medium,low,7,namesilo,,,07/08/2026 11:22
61e2c07a-1c4f-471b-b82c-cbabbc2fd087,offered.cc,available,4.19,9.99,medium,low,7,namesilo,,,
1df7fbb9-0330-4012-9c4b-c2d7884a1e29,achy.cc,available,4.19,9.99,medium,low,4,namesilo,,,
c485b725-9922-4b17-9a97-202e38028437,adorables.cc,available,4.19,9.99,high,low,9,namesilo,,,
23d89131-469c-45b8-953d-31dbe88a6ea6,bern.cc,resell,,,high,low,4,"GoDaddy.com, LLC",22/04/2006 11:28,22/04/2027 11:28,
aefcda1d-06d7-431b-9dea-fcb8675919f9,grungy.cc,available,4.19,9.99,low,low,6,namesilo,,,09/08/2026 09:36
401cd2f9-71b0-4ae4-b1a0-0839f8aa9517,wife.cc,resell,,,high,low,4,"NameSilo, LLC",17/12/1999 08:00,01/10/2026 07:00,
162f396b-9e11-4d7a-8824-4f8f2d36a0ee,pretend.cc,available,4.19,9.99,high,low,7,namesilo,,,
3ca85b23-d515-47c6-8b99-bec5be1bc76d,anechoic.cc,available,4.19,9.99,medium,low,8,namesilo,,,
7104e535-75ad-463f-8595-f0d21822e13a,gaping.cc,available,4.19,9.99,high,low,6,namesilo,,,
430aaa5d-739d-4a99-bf77-c286fe675aa0,cosmos.cc,resell,,,high,low,6,Dynadot Inc,23/06/2023 08:01,23/06/2027 08:01,
61792e68-5498-4577-bbd8-3a01a4d65976,allargando.cc,available,4.19,9.99,low,low,10,namesilo,,,
be68fb07-51bb-4aa8-a6f3-ce8fa60bea72,dismissal.cc,available,4.19,9.99,high,low,9,namesilo,,,
18fe58e4-d8a6-4a8f-afdd-587a3d327f29,understandable.cc,available,4.19,9.99,high,low,14,namesilo,,,
e3c82e1d-8e85-4602-8d99-3258aa64147a,propagated.cc,available,4.19,9.99,medium,low,10,namesilo,,,
82567604-169d-4ad8-8cc2-cf260adf74a7,chiliad.cc,available,4.19,9.99,high,low,7,namesilo,,,
598471ec-caa0-41da-8572-8daa4e72fc84,incorrect.cc,available,4.19,9.99,high,low,9,namesilo,,,
783f22a5-ea41-411a-9d22-011718860eef,basket.cc,resell,,,high,low,6,Edomains LLC,25/08/2025 08:02,25/08/2027 08:02,22/09/2026 11:51
c11cdf51-5350-40c8-ae05-598bb0d8b758,pestering.cc,available,4.19,9.99,medium,low,9,namesilo,,,
c4233915-35f3-47b9-8fee-7317fbfc3ee7,lawn.cc,resell,,,high,low,4,Dynadot Inc,31/01/2021 09:24,31/01/2027 09:24,
d5de48d6-a857-4749-895d-7ca53998d0f1,accoutered.cc,available,4.19,9.99,medium,low,10,namesilo,,,
21704015-09dd-4033-8906-80446e02c206,barometric.cc,available,5.98,13.98,medium,low,10,namecheap,,,08/08/2026 20:06
28b01b1c-a4b6-4bb2-a505-c60657f63ce7,profitable.cc,available,13.98,,high,low,10,namecheap,,,
849f91d8-52f8-40c6-8532-addb8f62875a,selfworth.cc,available,4.19,9.99,high,low,10,namesilo,,,
95c0ffbf-feaf-4eec-a6ee-791662e752cc,conflicted.cc,available,4.19,9.99,medium,low,10,namesilo,,,
fd392e22-9ee0-402e-8585-8816f691abf4,encouraging.cc,available,4.19,9.99,high,low,11,namesilo,,,
fc33f68f-fe85-497b-b0bc-a262db4fab4a,fascinate.cc,available,4.19,9.99,high,low,9,namesilo,,,
3b6eaf33-1f66-454b-bdb2-fa3b716edb78,portuguese.cc,available,4.19,9.99,high,low,10,namesilo,,,
35ea3458-650e-4cd1-bdb6-2986aac1e518,retained.cc,available,13.98,,high,low,8,namecheap,,,
69306d72-3cb0-4868-a224-a20e3edc64bc,itchy.cc,available,5.98,13.98,high,low,5,namecheap,,,05/08/2026 20:43
6ab2bba7-9bfb-478b-acf8-3049a5e4acf3,threesome.cc,resell,,,high,low,9,"NameCheap, Inc.",26/11/2025 14:38,26/11/2027 14:38,
0b63a4f6-19c6-4fd4-a663-68872cf2d205,addible.cc,available,4.19,9.99,medium,low,7,namesilo,,,
c736d179-73ef-45df-9775-fb89eeb96f4e,irritation.cc,available,4.19,9.99,high,low,10,namesilo,,,
64dd1e0b-842d-494b-8156-c043078bd438,informed.cc,resell,,,high,low,8,"Spaceship, Inc.",22/02/2026 14:59,22/02/2027 14:59,
c9c016d8-8f0d-4291-8ea5-c9e4702a0179,ohmygosh.cc,available,4.19,9.99,high,low,8,namesilo,,,
c6be6661-074a-473a-b2b9-36261277692c,prevention.cc,resell,,,high,low,10,Porkbun LLC,16/06/2026 22:02,16/06/2027 22:02,08/09/2026 14:09
e9cc4ad4-fd21-4560-8683-5c2d8e5808e6,represented.cc,available,4.19,9.99,high,low,11,namesilo,,,
991948fe-156f-442e-8472-c3c81e853414,sounding.cc,available,,,high,low,8,,,,
d83d12f4-513a-4f5d-82dc-4df349d4b469,shy.cc,resell,,,high,low,3,"22net, Inc.",23/01/2007 12:25,23/01/2026 12:25,
d3a0f041-6dee-4910-ab41-3d89688164d2,relish.cc,resell,,,high,low,6,"Spaceship, Inc.",13/05/2021 10:47,13/05/2027 10:47,
fce32c28-db13-430d-adfc-ce47cb78c333,indefinite.cc,available,4.19,9.99,high,low,10,namesilo,,,
0ce8c8c8-00a3-4da9-a64d-defd7b5948dd,philanthropic.cc,available,4.19,9.99,high,low,13,namesilo,,,
2f7f7fd2-5cf2-41db-bf60-31083deefed9,accessary.cc,available,4.19,9.99,medium,low,9,namesilo,,,
90dc7495-43fc-4b72-b3ee-e802b392c6e1,oklahoma.cc,resell,,,high,low,8,DropCatch.com 754 LLC,23/01/2020 09:00,23/01/2026 09:00,
5d0067c0-550a-4c62-be46-018db0c02056,exaggerate.cc,available,4.19,9.99,high,low,10,namesilo,,,
4f40f9d1-6bfc-4260-a890-f214c0036275,axenic.cc,available,4.19,9.99,medium,low,6,namesilo,,,08/08/2026 01:51
5d10a750-bb41-47b5-b6f2-b91170cdd327,cxxxv.cc,available,4.19,9.99,medium,low,5,namesilo,,,
e81bb2fb-71a4-43f6-a69f-fcadf34bb3d6,offstage.cc,available,,,high,low,8,,,,
5156fe78-ed24-482a-a878-64086aa22a9b,matisse.cc,available,,,high,low,7,,,,
5faf704f-3818-4599-89a5-6def94aa184d,haircut.cc,resell,,,high,low,7,DropCatch.com 410 LLC,02/04/2026 08:03,02/04/2027 08:03,
78add488-2cba-4c04-b857-c05826663883,saler.cc,available,4.19,9.99,high,low,5,namesilo,,,
c77a0d5a-e3c3-40bf-9322-902924dc2744,climate.cc,resell,,,high,low,7,Dynadot Inc,14/09/2024 08:01,14/09/2026 08:01,
957e40bd-43bd-4f41-8775-40290478b23f,basically.cc,available,4.19,9.99,high,low,9,namesilo,,,
98943c93-ab27-4529-bdb0-42bcf7fddc21,threadbare.cc,available,4.19,9.99,medium,low,10,namesilo,,,08/08/2026 11:10
e27638de-e4fb-41e6-bb02-a86789396fcf,engrossing.cc,available,4.19,9.99,high,low,10,namesilo,,,
d64a49b0-9758-4f85-8ab1-33fe98ecf808,exhaustion.cc,available,13.98,,medium,low,10,namecheap,,,
a2e24e52-e6a8-4f8c-9e8d-25dcb65be9cc,memorise.cc,available,4.19,9.99,high,low,8,namesilo,,,
b4f8304a-da64-46ad-9185-387321df97a4,marihuana.cc,resell,,,high,low,9,"Spaceship, Inc.",27/11/2025 08:54,27/11/2026 08:54,
abcb28eb-8ae8-4c07-bcd0-859ac8fdcba2,philadelphia.cc,resell,,,high,low,12,"GoDaddy.com, LLC",18/02/2003 21:03,18/02/2027 05:00,
1cda5251-3f30-47f2-8efd-82aee3e328a9,retrieve.cc,resell,,,high,low,8,Dynadot Inc,26/07/2023 04:32,26/07/2027 04:32,20/09/2026 00:02
e98cb11b-2cef-4aa6-9949-e3dd958f0fc4,strengthen.cc,available,4.19,9.99,high,low,10,namesilo,,,
7e0795c7-2d72-4d67-981f-b0f2befacd5a,skirt.cc,resell,,,high,low,5,Dynadot Inc,03/08/2021 03:21,03/08/2027 03:21,20/09/2026 10:51
e1184055-873d-47ca-a29e-cad21f386ce1,facetious.cc,available,4.19,9.99,medium,low,9,namesilo,,,08/08/2026 14:39
e50077fa-9e8a-47c7-9f5f-e9ed84ce4846,expecting.cc,available,4.19,9.99,high,low,9,namesilo,,,
b299660f-3cdc-48d8-8b1b-6e3ca46cc5ae,float.cc,resell,,,high,low,5,"NameCheap, Inc.",10/10/2021 08:00,10/10/2026 08:00,
2c8db357-50a6-4e26-b0f5-e702de858cea,maledict.cc,available,4.19,9.99,low,low,8,namesilo,,,
4c2df22c-1117-43ca-a0b8-0f6453bbf07a,dances.cc,available,4.19,9.99,high,low,6,namesilo,,,
e50a06d7-1dff-4836-9011-161507882d6d,rectangle.cc,resell,,,high,low,9,Dynadot Inc,29/01/2025 13:58,29/01/2028 13:58,
8e13bbf2-3745-4ca8-aa16-19ec146da0d6,whoreson.cc,available,4.19,9.99,low,low,8,namesilo,,,08/08/2026 23:43
c06d154f-71eb-4856-8022-529084db4be6,baffling.cc,available,4.19,9.99,medium,low,8,namesilo,,,08/08/2026 08:02
7d27b982-2e63-4836-8eca-4d1fc71de43f,emotion.cc,resell,,,high,low,7,"GoDaddy.com, LLC",25/03/2017 08:01,25/03/2027 08:01,
28bd2ccc-4f37-46a2-8c1c-44d549a1b984,indorse.cc,available,4.19,9.99,medium,low,7,namesilo,,,08/08/2026 05:17
dcc2ebed-f848-4d25-ae39-d459eff907a7,willingness.cc,available,4.19,9.99,high,low,11,namesilo,,,
3ce4a498-dbfe-496f-9e90-5fcdc517fa8b,abenaki.cc,available,4.19,9.99,high,low,7,namesilo,,,
ed6c6baa-2e00-4f01-b984-acc1632b4584,england.cc,resell,,,high,low,7,"Spaceship, Inc.",24/08/2014 08:03,24/08/2027 08:03,22/09/2026 10:14
2279544c-c29f-4612-a0b0-01823a35700f,complicate.cc,available,4.19,9.99,high,low,10,namesilo,,,08/09/2026 14:25
1aea289a-5535-4164-951f-af7fba4ebe02,raccoon.cc,resell,,,high,low,7,"Spaceship, Inc.",31/12/2019 04:32,31/12/2026 04:32,
d949c799-f283-4c4d-b400-10ac3116ad77,gaming.cc,resell,,,high,low,6,"GoDaddy.com, LLC",18/08/2011 08:00,18/08/2027 08:00,21/09/2026 01:14
11fad242-997e-4f4d-b2ab-8090c3b22aaa,aeriform.cc,available,4.19,9.99,medium,low,8,namesilo,,,
397676ba-8a35-4662-b054-1ce3cc58e89e,candle.cc,resell,,,high,low,6,"TurnCommerce, Inc. DBA NameBright.com",13/07/2020 08:00,13/07/2027 08:00,18/09/2026 07:28
c266b348-8880-4e80-b486-8f21aec7ca6a,unceasing.cc,available,4.19,9.99,high,low,9,namesilo,,,
8b412d39-5b65-4146-8ce6-a4e64739f114,hearts.cc,resell,,,high,low,6,"Spaceship, Inc.",09/07/2017 06:51,09/07/2027 06:51,17/09/2026 23:21
2a0b54e5-081c-409c-81e0-2e36368253f7,oregon.cc,resell,,,high,low,6,"GoDaddy.com, LLC",30/09/1998 07:00,30/09/2026 07:00,
7a4fdf9b-916d-429e-8de0-eb2e0e68bf68,mosquito.cc,resell,,,medium,low,8,"Spaceship, Inc.",28/09/2025 05:41,28/09/2026 05:41,
a12f8382-3799-459f-b4f8-5fb38c0cfc87,acerate.cc,available,4.19,9.99,medium,low,7,namesilo,,,
80a44c91-deaa-41e2-8617-c8625ddd0e65,attested.cc,available,4.19,9.99,medium,low,8,namesilo,,,07/08/2026 15:41
939b7d96-c94e-4120-8175-43435ae717dd,ague.cc,available,5.98,13.98,medium,low,4,namecheap,,,
d558a1e4-65cb-4f53-9f1b-6faf001d2f6c,yeasty.cc,available,4.19,9.99,medium,low,6,namesilo,,,08/08/2026 19:56
7c2224bb-841f-42b6-bde4-ddac4830f135,naturally.cc,resell,,,high,low,9,Dynadot Inc,01/10/2025 10:28,01/10/2030 10:28,
bce0e518-c45d-4863-977b-167b368dd712,neighbour.cc,available,4.19,9.99,high,low,9,namesilo,,,
884afbdd-af38-477b-9fc6-15bc5e385983,gym.cc,resell,,,high,low,3,"eName Technology Co., Ltd.",16/07/2002 16:29,16/07/2027 16:29,
5862b649-2bdc-4d4a-84bf-4fcb19775514,bird.cc,resell,,,high,medium,4,Dynadot Inc,15/06/1998 07:00,01/10/2026 07:00,
4896b202-4197-404b-9ca3-2fea2cdac1d3,utter.cc,available,,,high,low,5,,,,
6cbddcbc-e7da-41c2-8042-29b07f88c8de,typically.cc,available,4.19,9.99,medium,low,9,namesilo,,,
21fd7f19-5751-4238-be33-885aabbd8f2b,uncontrollable.cc,available,4.19,9.99,medium,low,14,namesilo,,,
fab7bc0a-6900-4214-b111-4bef9850c5da,piss.cc,resell,,,high,low,4,"Spaceship, Inc.",16/04/2019 08:06,16/04/2027 08:06,
3364c7a3-5271-42da-b7ff-71df6a8df844,khakis.cc,available,4.19,9.99,high,low,6,namesilo,,,
1efc377d-202b-48af-aad2-9247636e40ed,aplitic.cc,available,4.19,9.99,medium,low,7,namesilo,,,06/08/2026 00:35
5646d7ef-1019-4c68-a87a-6499449a53bc,safety.cc,resell,,,high,low,6,Gname.com Pte. Ltd.,20/02/2025 09:03,20/02/2027 09:03,08/09/2026 08:04
583bc1da-2f34-484b-ad33-b9bb5b258cfa,turnabout.cc,available,4.19,9.99,high,low,10,namesilo,,,
420d5bb3-4956-4fec-b6a5-e7c80f1f7136,breakfast.cc,resell,,,high,low,9,Dynadot Inc,28/01/2006 17:12,28/01/2027 17:12,04/09/2026 13:27
68d38ac4-79b7-4106-9635-d5029c5fa68d,camping.cc,resell,,,high,low,7,InterNetX GmbH,19/05/2014 02:46,19/05/2027 02:46,24/09/2026 07:31
fdaf3c86-0d2f-46e6-9497-8728bd675b64,aeriferous.cc,available,4.19,9.99,medium,low,10,namesilo,,,
d9cbb8ba-ce80-4f01-a19a-cad1fa753dbf,antsy.cc,available,4.19,9.99,medium,low,5,namesilo,,,05/08/2026 20:27
16e579c3-093f-423e-b5c4-fbd799d5f352,barefaced.cc,available,4.19,9.99,medium,low,9,namesilo,,,08/08/2026 09:20
61171c8d-01b9-4e6e-8328-cbfb6b455214,agitating.cc,available,4.19,9.99,medium,low,9,namesilo,,,
6120b3a5-275e-4a7a-b711-f4531c4d475a,burry.cc,available,4.19,9.99,medium,low,5,namesilo,,,08/08/2026 17:29
ba81054f-d309-42c3-8b7a-68f9b41ae13b,beamy.cc,available,4.19,9.99,medium,low,5,namesilo,,,09/08/2026 04:18
cf455196-00e4-42b1-853e-124bdf168fdc,inverted.cc,available,4.19,9.99,high,low,8,namesilo,,,
7621d461-3f91-4724-976c-e6389db02be4,onions.cc,resell,,,high,low,6,Porkbun LLC,24/10/2021 08:01,24/10/2026 08:01,
7820b292-1f06-4756-8e01-a42236a3f230,ahuh.cc,available,4.19,9.99,high,low,4,namesilo,,,
5df1b37b-0965-4d4b-9637-4de41de96c8c,initially.cc,available,4.19,9.99,high,low,9,namesilo,,,
3c61f844-973d-489b-9044-4ea87d17a1c5,mods.cc,resell,,,high,low,4,Unstoppable Domains Inc.,04/01/2011 22:11,04/01/2027 22:11,
b03281f5-513a-4bb9-9438-d90132bc3c55,blistering.cc,available,4.19,9.99,high,low,10,namesilo,,,
440db70e-ccf2-4d44-8e39-ce3cd1904a15,absolved.cc,available,4.19,9.99,high,low,8,namesilo,,,
5fa9dc75-b023-4993-9dc3-8a9005c06077,awarding.cc,available,4.19,9.99,high,low,8,namesilo,,,
7e58ea81-9e60-44ec-b374-8c2f08a47704,amphibious.cc,available,4.19,9.99,high,low,10,namesilo,,,
cc4bb51c-ed4d-475c-9990-5a685d3abfb5,dong.cc,resell,,,high,low,4,"Global Domains International, Inc. DBA DomainCostClub.com",30/12/2004 04:59,30/12/2026 04:59,
43ee2c48-ab8a-4f42-9cec-6304bd615533,recorded.cc,resell,,,high,low,8,Dynadot Inc,11/06/2021 12:41,11/06/2027 12:41,
50c9d1c1-0c0f-4f98-bc7a-71aecc42115e,operose.cc,available,4.19,9.99,medium,low,7,namesilo,,,06/08/2026 17:05
a34c94a4-1183-493e-82be-29406bcbd9f6,ache.cc,resell,,,high,low,4,GoDaddy Online Services Cayman Islands Ltd.,11/02/2016 09:00,11/02/2027 09:00,
0db6c119-fe56-479b-8f00-34bf9a6d206b,articular.cc,available,4.19,9.99,medium,low,9,namesilo,,,06/08/2026 23:26
0d4cc7dc-67d6-419b-94bd-af33169cae84,cleaver.cc,available,4.19,9.99,medium,low,7,namesilo,,,
2ee9e8e3-5354-415a-8244-b807a0926987,blanket.cc,resell,,,high,low,7,"NameSilo, LLC",21/07/2007 02:35,21/07/2027 02:35,08/09/2026 07:17
eb786a04-a1a3-4701-af86-c36e4e4151bd,grimy.cc,available,4.19,9.99,low,low,5,namesilo,,,09/08/2026 09:25
de4cf34d-964d-4a7e-8900-320df6944627,state.cc,resell,,,high,medium,5,"eName Technology Co., Ltd.",29/07/2014 08:45,29/07/2027 08:45,20/09/2026 03:27
87a77718-1eb4-4ecb-bba1-46c95ab2ae69,oriented.cc,available,4.19,9.99,high,low,8,namesilo,,,
1fadff5d-f932-4628-af7f-ca51abf62745,prosecution.cc,available,13.98,,high,low,11,namecheap,,,
ba7e9236-5e9b-4ffc-993a-015ef7d63446,tetrad.cc,available,4.19,9.99,medium,low,6,namesilo,,,
b19d6127-c103-487f-84fc-ba9cfff43df5,blanched.cc,available,4.19,9.99,medium,low,8,namesilo,,,07/08/2026 02:14
1aaf5122-0b7f-4ce2-92e3-436603e64433,endorse.cc,resell,,,high,low,7,Dynadot Inc,23/10/2023 13:39,23/10/2026 13:39,08/09/2026 09:45
ad4e5d36-a1e1-494f-8f4a-dd30f8826949,sift.cc,resell,,,high,low,4,Dynadot Inc,07/01/2026 09:08,07/01/2027 09:08,
64bc33b7-8254-486b-814c-b441a6e34dda,attachment.cc,resell,,,high,low,10,"Spaceship, Inc.",28/05/2014 20:10,28/05/2027 20:10,24/09/2026 06:53
7c089801-b91c-42d6-aade-b9e683d48b07,coat.cc,resell,,,high,low,4,www.NAMES.plus,01/08/2021 08:01,01/08/2027 08:01,20/09/2026 09:13
5d93e762-d164-453b-b0d8-1350df3d81ef,coconut.cc,resell,,,high,low,7,Unstoppable Domains Inc.,17/02/2012 05:14,17/02/2027 05:14,
a576073f-cbb9-4f09-b364-b93cc23cc52c,coffeeman.cc,available,4.19,9.99,high,low,9,namesilo,,,
d07ef673-1fdc-4858-9bf7-b8c1eeb3667b,presently.cc,available,4.19,9.99,high,low,9,namesilo,,,
c59f874b-a0c1-4951-b30f-8b04ed060a1a,confuse.cc,available,4.19,9.99,high,low,7,namesilo,,,
e10b9685-5bcb-4665-8475-84c3ba3002b6,visitor.cc,resell,,,high,low,7,"eName Technology Co., Ltd.",15/12/2013 09:03,15/12/2026 09:03,
2443389e-067d-4da7-8998-b78cdb7291d2,neverending.cc,available,13.98,,high,low,12,namecheap,,,
bf4b1ee0-9691-4be3-b75f-5a3215f5ebbc,azygos.cc,available,4.19,9.99,medium,low,6,namesilo,,,08/08/2026 03:32
744d7f49-3302-45ec-8514-4e9e77f9eb40,banking.cc,resell,,,high,low,7,"GoDaddy.com, LLC",25/06/2011 09:02,25/06/2026 09:02,
8e3b8a60-3c6a-46cd-aa67-c416897f9f1f,venerable.cc,available,13.98,,high,low,9,namecheap,,,
3e619f3e-c41a-43e8-bd63-36b160847a78,tush.cc,available,4.19,9.99,medium,low,4,namesilo,,,09/08/2026 11:45
7d50f016-886b-4945-9e78-200123846d44,odious.cc,available,4.19,9.99,medium,low,6,namesilo,,,
46a73203-9f0e-4a4f-a1ca-f2625fb2deee,abkhasian.cc,available,4.19,9.99,medium,low,9,namesilo,,,
a9584d66-774e-4680-b481-23e4b6839f8a,adynamic.cc,available,4.19,9.99,medium,low,8,namesilo,,,
1a3c4878-0570-4570-af4a-ff8898fba4a8,snow.cc,resell,,,high,low,4,"GoDaddy.com, LLC",16/11/2004 10:18,16/11/2026 10:18,
15d0290f-947d-4512-9615-909d92fa6825,stars.cc,resell,,,high,low,5,Dynadot15 LLC,07/06/2020 08:00,07/06/2027 08:00,
1c29047d-e149-41a3-a7ca-7a82301cf799,glory.cc,resell,,,high,low,5,"GoDaddy.com, LLC",06/10/2024 08:04,06/10/2035 08:04,
34e7ec1d-45fd-4eb1-ac9b-667a35351270,friends.cc,resell,,,high,low,7,1API GmbH,10/06/2002 11:53,10/06/2026 11:53,
e9263390-4f49-4180-b070-56af2655af0b,christmas.cc,resell,,,high,low,9,"GoDaddy.com, LLC",12/10/1997 04:00,12/10/2027 04:00,20/09/2026 22:25
479441a9-0ace-4602-a2f3-cdede7611b58,disk.cc,resell,,,high,low,4,"Alibaba Cloud Computing (Beijing) Co., Ltd.",07/10/2015 08:02,07/10/2026 08:02,
55cac857-8d64-498c-8487-d0c89ccb008a,testing.cc,resell,,,high,low,7,Tencent Cloud Computing (Beijing) Limited Liability Company,07/04/2024 08:03,07/04/2027 08:03,
9ea5fb87-0c50-4440-b14f-d25215fdcfb6,shifting.cc,available,4.19,9.99,high,low,8,namesilo,,,
9db69d2a-2f49-4cc8-9eda-a0e9e17d0b7a,watt.cc,resell,,,high,low,4,"Spaceship, Inc.",27/01/2023 09:02,27/01/2028 09:02,
7126bff9-e0e7-4680-bf89-28601bdb9b91,oldest.cc,available,4.19,9.99,high,low,6,namesilo,,,
d8ba0562-2a8f-430e-9b80-b1b7003a530f,rheumatic.cc,available,4.19,9.99,medium,low,9,namesilo,,,06/08/2026 23:05
a183225e-821d-4bde-9147-27d8c8ddf470,pancreas.cc,available,4.19,9.99,high,low,8,namesilo,,,
b6387fa5-3954-45e0-b203-00bea6944c47,bones.cc,resell,,,high,low,5,Dynadot Inc,22/03/2026 08:10,22/03/2027 08:10,
ec986713-3250-4b10-b6b3-cf86c5720e38,alien.cc,resell,,,high,medium,5,Dynadot Inc,21/12/2022 09:01,21/12/2027 09:01,
dbf4094d-6563-4717-959e-53efcd77349a,diversity.cc,resell,,,high,low,9,Dynadot Inc,12/12/2025 10:01,12/12/2026 10:01,
0d573571-947c-42c7-aeee-d44de8079758,nettled.cc,available,4.19,9.99,medium,low,7,namesilo,,,
40cea727-18f3-4484-a7de-e25bb378311a,seemly.cc,available,4.19,9.99,medium,low,6,namesilo,,,09/08/2026 06:27
58fe56e0-5142-4838-a565-8a36b4e6ffdb,sumbody.cc,available,4.19,9.99,low,low,7,namesilo,,,
969880cc-c7b6-4f1a-bd1a-ad5e6c0e3682,february.cc,resell,,,high,low,8,"Global Domains International, Inc. DBA DomainCostClub.com",02/03/2012 18:19,02/03/2027 18:19,
2d2a1d6b-f009-4d49-a0ee-3e7834b37c8c,describe.cc,resell,,,high,low,8,Dynadot Inc,11/08/2024 05:43,11/08/2027 05:43,20/09/2026 17:50
0ec67905-de15-4e48-b5ec-8f7d85322d92,mothafucka.cc,available,4.19,9.99,medium,low,10,namesilo,,,
54c25915-5ecc-4c7d-9516-f087147e2eaf,insignificant.cc,available,4.19,9.99,medium,low,13,namesilo,,,
9fccc4d8-d98c-4eb5-bed0-4b1c92400daf,affectionate.cc,available,13.98,,high,low,12,namecheap,,,
cecccf04-c6fc-439f-ab22-d93b1ade34b5,nettlesome.cc,available,4.19,9.99,medium,low,10,namesilo,,,
e617be3a-1c3c-413a-8360-789008843c57,moneyed.cc,available,4.19,9.99,high,low,7,namesilo,,,
c758f39b-5add-44f2-b9e9-c21834fe0638,vincible.cc,available,4.19,9.99,medium,low,8,namesilo,,,09/08/2026 05:42
8ceb671e-a9b8-40d3-93fd-299c8cdf1294,sitting.cc,available,4.19,9.99,high,low,7,namesilo,,,
c73fdd73-cd70-4eb2-a7f2-40ff979be88e,yesterday.cc,resell,,,high,low,9,Dynadot Inc,28/11/2023 14:44,28/11/2026 14:44,
2b1cc54a-7e38-4fc1-b7d0-f07a126005d8,eclipse.cc,resell,,,high,low,7,"GoDaddy.com, LLC",30/03/1999 05:00,30/03/2027 04:00,
fbd5df64-b68e-425e-8d90-82812ce0dc08,establishment.cc,available,13.98,,high,low,13,namecheap,,,
84df8f45-851b-485f-81ac-4d397c78f1f3,ridden.cc,available,,,high,low,6,,,,
8a1c6405-8e0a-4c31-bb0c-d18de83e02fe,disapproval.cc,available,4.19,9.99,medium,low,11,namesilo,,,
0d536620-a8e0-4693-bd28-4ef4d3c06683,exonerated.cc,available,4.19,9.99,high,low,10,namesilo,,,
aff7588f-694e-4a1e-8961-956b25ff2093,retired.cc,available,13.98,,high,low,7,namecheap,,,
2a04ae9d-167e-4722-bf6c-b96f387c0ecc,buttocks.cc,available,4.19,9.99,medium,low,8,namesilo,,,09/08/2026 10:25
0fbc86a6-08f5-4f8f-85f6-5a8895a81886,risen.cc,resell,,,high,low,5,"Spaceship, Inc.",07/03/2026 09:11,07/03/2027 09:11,
d4026e45-2283-46c4-bf87-ed4c8f2d5f5f,monetary.cc,resell,,,high,low,8,Porkbun LLC,16/10/2025 09:49,16/10/2026 09:49,
909debaf-2de4-47b1-9a8f-e7da434b86c7,granddad.cc,available,13.98,,high,low,8,namecheap,,,
739c5289-687f-454d-aa96-5ab3c8e79e66,accurately.cc,available,4.19,9.99,high,low,10,namesilo,,,
18f0593f-2c28-472a-9ffd-d4002b2362aa,agrologic.cc,available,4.19,9.99,medium,low,9,namesilo,,,
080d6da5-6123-48ec-9819-e1a3eccf46c5,roller.cc,resell,,,high,low,6,Unstoppable Domains Inc.,23/10/2025 07:53,23/10/2027 07:53,
2c58a598-9fd2-493e-800c-c1496d885f60,lxxxviii.cc,available,5.98,13.98,medium,low,8,namecheap,,,
361a98e7-7b44-4032-9b4f-4eabfa736c0b,corking.cc,available,4.19,9.99,high,low,7,namesilo,,,08/08/2026 12:20
53d3ad89-8568-4b72-99e0-1cf69e0165ef,lisboa.cc,resell,,,high,low,6,Dynadot Inc,11/06/2021 12:40,11/06/2027 12:40,
7d05873e-0f71-40d8-8d61-ce4c2fb34829,argentine.cc,available,,,high,low,9,,,,
9b13634c-f224-455d-b798-2d9fbb7ac9ec,abradant.cc,available,4.19,9.99,medium,low,8,namesilo,,,
f9866376-2fdb-40b1-8a13-5a4d74252b2c,possession.cc,available,13.98,,high,low,10,namecheap,,,
a7d073b5-2f1a-4922-86d7-a73689f1ac77,south.cc,resell,,,high,low,5,"Alibaba Cloud Computing (Beijing) Co., Ltd.",20/01/2012 09:00,20/01/2027 09:00,
531842b0-61d8-496f-b8e1-b97a1b76426f,batrachian.cc,available,4.19,9.99,low,low,10,namesilo,,,05/08/2026 20:53
2ad8c11d-28b6-4503-8bc4-aac798bdf122,hellish.cc,available,4.19,9.99,medium,low,7,namesilo,,,09/08/2026 04:59
4f130af3-0fae-48a0-b1a5-61d85b494968,tercet.cc,available,4.19,9.99,high,low,6,namesilo,,,
c104d07a-3e76-4677-8ebf-10877163833a,humans.cc,resell,,,high,medium,6,"Spaceship, Inc.",05/07/2020 08:09,05/07/2027 08:09,17/09/2026 16:30
892174e1-1151-4b25-8ae1-bcbd8510a726,accented.cc,available,4.19,9.99,medium,low,8,namesilo,,,
de945181-4281-43f0-b11d-d2ed57598f7d,altruism.cc,available,4.98,13.98,high,low,8,namecheap,,,24/09/2026 08:20
88b792a3-1618-4acf-9234-b8a9d8ce0084,anosmic.cc,available,4.19,9.99,medium,low,7,namesilo,,,
ae4c1029-0686-46db-a054-3c595ea8749f,description.cc,resell,,,high,low,11,Dynadot Inc,11/08/2019 09:17,11/08/2027 09:17,20/09/2026 17:55
8fab910b-bc61-4463-95a1-942c6be9a213,balletic.cc,available,4.19,9.99,high,low,8,namesilo,,,08/08/2026 10:26
dcba829d-1ea9-40c9-863b-84fb819f5dfe,quite.cc,resell,,,high,low,5,"GoDaddy.com, LLC",29/04/2012 23:18,29/04/2027 23:18,
a71b66c4-5efd-474e-a888-fecc3fd0996e,jail.cc,resell,,,high,low,4,"GoDaddy.com, LLC",15/10/2015 00:33,15/10/2026 00:33,
dc8fe336-da8f-46a0-aa9b-07bbe4d9a53a,kooky.cc,available,5.98,13.98,medium,low,5,namecheap,,,06/08/2026 21:04
814884cb-0d2a-4d23-b682-5624ad1231d2,glance.cc,resell,,,high,low,6,"Spaceship, Inc.",15/04/2022 05:01,15/04/2027 05:01,
24df061d-c25e-4afb-a358-7d9336b0732d,toying.cc,available,4.19,9.99,high,low,6,namesilo,,,
6eb8886a-9f17-4d1f-be25-caa843c937a0,cindy.cc,resell,,,high,low,5,"GoDaddy.com, LLC",10/10/2019 13:18,10/10/2026 13:18,
074efed0-4407-4f0a-ae2b-bfafd2448cdb,sauna.cc,resell,,,high,low,5,Dynadot Inc,23/03/2021 08:00,23/03/2027 08:00,
4554a3e4-c763-49f3-ac71-bdccacb4f0e4,abscessed.cc,available,4.19,9.99,medium,low,9,namesilo,,,
2ae7953e-5869-413e-a626-0839be4dde99,afternoon.cc,resell,,,high,low,9,"Spaceship, Inc.",19/12/2025 09:07,19/12/2026 09:07,
76e4660e-7d4a-4129-8435-1f7777a2be7e,clinic.cc,resell,,,high,low,6,Porkbun LLC,09/06/2004 11:59,09/06/2026 11:59,
2007f511-15b6-475f-b6ea-be1c0d48f6da,maddened.cc,available,4.19,9.99,medium,low,8,namesilo,,,
759b2b70-f070-459c-b0c8-9b50fcae1643,trounce.cc,available,4.19,9.99,medium,low,7,namesilo,,,09/08/2026 05:27
abba0d2f-aa10-442e-ad16-526226c33a83,awny.cc,available,4.19,9.99,medium,low,4,namesilo,,,08/08/2026 01:25
3d91728f-1a80-4ac0-a448-e11d93840911,prickly.cc,available,4.19,9.99,high,low,7,namesilo,,,08/08/2026 17:34
0cd65244-a3c4-4b18-8979-576964f671f6,abaxial.cc,available,4.19,9.99,medium,low,7,namesilo,,,
8c6e5515-9b1b-4ac1-966c-66541ce0f3bd,unpaid.cc,available,4.19,9.99,high,low,6,namesilo,,,
ef57c299-2559-4a0c-b032-e3182a180b61,deserter.cc,available,4.19,9.99,medium,low,8,namesilo,,,06/08/2026 03:40
fd5baa78-882f-413a-9b4d-933d7d61d2e6,revelatory.cc,available,4.19,9.99,high,low,10,namesilo,,,06/08/2026 00:55
cdd6f9a6-d90d-4758-9a27-5b80b8a5f5bd,guilt.cc,available,,,high,low,5,,,,
7b222613-4fff-4567-9a5a-dac3d8deafa8,nutritive.cc,available,4.19,9.99,high,low,9,namesilo,,,08/09/2026 09:04
94d75936-33e6-42fe-b055-80c8b8f58a80,toilet.cc,resell,,,high,low,6,"Alibaba Cloud Computing (Beijing) Co., Ltd.",26/11/2005 19:43,26/11/2026 19:43,
eb4f27cf-998a-4556-aa69-d95c42c98839,gleaming.cc,available,4.19,9.99,high,low,8,namesilo,,,
c0a8e9f1-6a42-4733-98cd-f5034a60481a,ascending.cc,available,,,high,low,9,,,,
2916154e-983a-48dc-9138-b95c2e917008,afoot.cc,available,,,medium,low,5,,,,
b9fce40a-9c29-4c33-bed6-419e23d93b82,energy.cc,resell,,,high,medium,6,"GoDaddy.com, LLC",05/11/2002 10:38,05/11/2027 09:38,04/09/2026 13:30
19bb9b07-feba-422e-82c8-6558a2cc601f,antitrust.cc,resell,,,high,low,9,"Spaceship, Inc.",14/03/2026 16:01,14/03/2027 16:01,
33fa4969-51a0-4a8f-926e-b8c03bd4ebad,astern.cc,available,,,high,low,6,,,,
c37fbd3d-556d-42f2-8468-742bbe04ad29,term.cc,resell,,,high,low,4,Zhuimi Inc,04/01/2021 09:00,04/01/2027 09:00,
8a0a235d-1471-4a96-8d72-93277371133a,argent.cc,resell,,,high,low,6,Unstoppable Domains Inc.,02/01/2013 22:28,02/01/2027 22:28,06/08/2026 17:51
3346afb2-674a-4190-a329-fa0bbd5ca242,starred.cc,available,4.19,9.99,medium,low,7,namesilo,,,07/08/2026 08:52
cc314649-8636-4c0b-8572-953edf7ab1fa,discomfort.cc,available,4.19,9.99,high,low,10,namesilo,,,
35a3fc88-f802-4fb4-92ee-3d42306ddc77,fidgety.cc,available,4.19,9.99,medium,low,7,namesilo,,,05/08/2026 20:32
87b4ad26-e205-4f6b-a99e-dbd7c93de7c9,beady.cc,available,4.19,9.99,medium,low,5,namesilo,,,09/08/2026 03:23
3217a77d-0fc1-4ca6-baae-03b7fb57a059,adoptable.cc,available,4.19,9.99,high,low,9,namesilo,,,
4c2bfb13-5717-4168-8a7f-9b137b1487d2,autolytic.cc,available,4.19,9.99,medium,low,9,namesilo,,,07/08/2026 20:42
7086d85b-c55d-4210-9c1d-8cae76468b76,babylonian.cc,available,4.19,9.99,high,low,10,namesilo,,,08/08/2026 03:58
924b2b27-1cee-435a-a42c-ec55781ad2d1,suspect.cc,available,,,high,low,7,,,,
fb284b96-9668-45f6-a798-c8edf19e2016,upon.cc,resell,,,medium,low,4,Porkbun LLC,30/10/2025 02:35,30/10/2026 02:35,
c09da9ba-6936-410f-be7e-120b2bf16362,detoxify.cc,available,4.19,9.99,high,low,8,namesilo,,,
d43efef4-648d-4401-93ce-78316f11eb7e,attender.cc,available,4.19,9.99,medium,low,8,namesilo,,,07/08/2026 15:17
d1345b57-d986-4dab-aa48-4eb0d064764d,metre.cc,available,,,high,low,5,,,,
3ae6e8a7-ff73-4094-8722-4be4e621b3b7,relevance.cc,resell,,,high,low,9,Dynadot Inc,29/01/2026 09:22,29/01/2027 09:22,
08fa8efc-5ec4-4d91-987d-b5652dd518cb,intercultural.cc,available,4.19,9.99,high,low,13,namesilo,,,
4a6b1bda-f852-4e3d-b637-9eeaf268b49f,claim.cc,resell,,,high,low,5,"GoDaddy.com, LLC",23/01/2013 20:27,23/01/2027 20:27,
a1dd32f0-4946-4223-973c-87c8172a040e,highschool.cc,resell,,,high,low,10,"GoDaddy.com, LLC",06/12/2004 00:51,06/12/2026 00:51,
26fc3506-9fde-495d-b937-cf8d13ac31c2,polythene.cc,available,4.19,9.99,medium,low,9,namesilo,,,
0105dda6-0aa8-47e8-8cff-f64017e8c14a,undoubtedly.cc,available,4.19,9.99,high,low,11,namesilo,,,
c3bce765-fe09-460f-aa79-e801519137a3,circle.cc,resell,,,high,medium,6,"GoDaddy.com, LLC",01/07/2004 18:49,01/07/2027 18:49,17/09/2026 08:43
de69b1e3-ab46-451a-a8c9-fd132fa05180,angered.cc,available,4.19,9.99,medium,low,7,namesilo,,,
5e7837b2-4fa4-444a-a72b-16f2405e6f14,baltic.cc,resell,,,high,low,6,Dynadot Inc,11/01/2023 09:02,11/01/2027 09:02,08/08/2026 10:41
a340d143-63fb-468e-b0bb-27fd60c2874f,basaltic.cc,available,4.19,9.99,medium,low,8,namesilo,,,08/08/2026 21:29
2be67f69-6302-4efb-8cfd-a0fd0b515b0c,scurvy.cc,available,4.19,9.99,medium,low,6,namesilo,,,
c38bf209-49fb-4f5f-98e3-49417a945c3d,scarlett.cc,resell,,,high,low,8,Dynadot Inc,16/04/2025 08:03,16/04/2026 08:03,
43071c94-30ed-4dd6-bcdb-913b5ee70ee2,illegal.cc,resell,,,high,low,7,"Alibaba Cloud Computing (Beijing) Co., Ltd.",27/07/2021 08:00,27/07/2027 08:00,20/09/2026 01:30
2687de71-d621-41ea-850a-1b8464e1c207,vexation.cc,available,4.19,9.99,medium,low,8,namesilo,,,
7054e91b-0aa4-438f-8bbc-3efb122a034f,jacobs.cc,resell,,,high,low,6,Dynadot Inc,28/04/2022 15:33,28/04/2027 15:33,
61d4a0ec-aa16-4e07-983e-bbaebf0cfd4c,monstrous.cc,available,4.19,9.99,medium,low,9,namesilo,,,07/08/2026 14:47
4f031eb7-b837-481c-8938-f860d96d20df,abducent.cc,available,4.19,9.99,medium,low,8,namesilo,,,
c755fff5-6131-4b5d-889f-270d158fbab1,snore.cc,resell,,,high,low,5,"GoDaddy.com, LLC",22/07/2017 08:02,22/07/2027 08:02,19/09/2026 17:46
2a417f92-4291-4858-ad0e-cdf84a4905ae,successor.cc,available,13.98,,high,low,9,namecheap,,,
2c4d735d-6925-4027-963c-1dcda35d89cf,apodous.cc,available,4.19,9.99,medium,low,7,namesilo,,,06/08/2026 01:21
993dd928-990e-4d88-91e5-6bef259d2966,antiblack.cc,available,,,low,low,9,,,,
90a99f20-2c02-4839-939b-b3ee70035419,nurse.cc,resell,,,high,low,5,Dynadot Inc,16/10/2009 17:16,16/10/2026 17:16,
9fbfd1f3-d8db-4e88-836d-1b90ca5b1b61,modeller.cc,available,13.98,,high,low,8,namecheap,,,
c5afd115-8d1c-4453-803e-495c75b9fab1,cancel.cc,resell,,,high,low,6,"Spaceship, Inc.",17/10/2025 08:02,17/10/2026 08:02,
83380e65-6ace-49dd-97c6-dc203584ca9b,criticise.cc,available,4.19,9.99,high,low,9,namesilo,,,
05806816-0473-48d3-886a-7c6752b4b6a7,france.cc,resell,,,high,high,6,Dynadot Inc,27/08/2005 08:10,27/08/2027 08:10,22/09/2026 17:35
150683f3-101e-4f36-b89d-4b77af2dca18,rejection.cc,available,4.19,9.99,high,low,9,namesilo,,,
bb9706de-d718-49f8-9ebd-a5a22fe4785b,hopefully.cc,available,13.98,,high,low,9,namecheap,,,
ec99257a-13cb-43f5-bf62-314e15f5842b,barmy.cc,available,4.19,9.99,medium,low,5,namesilo,,,06/08/2026 20:25
97c18564-dfc1-4246-aef7-75ce52b470d2,restrain.cc,available,4.19,9.99,high,low,8,namesilo,,,
917effbe-c259-4fbb-8f3a-7486602358c4,auxetic.cc,available,4.19,9.99,medium,low,7,namesilo,,,07/08/2026 21:28
98a35e18-c27a-4e70-96c6-b02bbd70f4f4,shakira.cc,available,13.98,,high,low,7,namecheap,,,
81e9f2e5-dfda-43e1-87b1-31e4310b101e,anabatic.cc,available,4.19,9.99,medium,low,8,namesilo,,,
23ebc942-304f-4ab9-a138-08697e1ddeca,vivid.cc,resell,,,high,low,5,"Spaceship, Inc.",08/04/2024 08:02,08/04/2027 08:02,
74029586-8f87-42cc-b84c-9ff6f35f300b,beginning.cc,resell,,,high,low,9,"NameCheap, Inc.",08/12/2025 04:51,08/12/2026 04:51,09/08/2026 09:06
1bedfb53-bba3-4ac0-9b79-86a966aadd61,arguable.cc,available,,,medium,low,8,,,,
4804ba63-2494-4e94-b3e5-388100782ebe,lxiv.cc,available,4.19,9.99,medium,low,4,namesilo,,,
89c3ba59-3f39-4f43-8a76-562f1c20c9c2,dwelling.cc,resell,,,high,low,8,Porkbun LLC,25/06/2021 01:40,25/06/2026 01:40,
f19fb775-7bc8-4358-a04c-652d2e54f644,ataractic.cc,available,4.19,9.99,low,low,9,namesilo,,,07/08/2026 12:44
045860ac-d8b6-4eb9-a207-73a2b43e30a7,avenged.cc,available,4.19,9.99,high,low,7,namesilo,,,07/08/2026 22:35
928e5c26-76b4-433a-9a93-f6eb72be2c36,locally.cc,resell,,,high,low,7,Dynadot Inc,08/09/2023 04:10,08/09/2026 04:10,
722ebaf8-f707-4129-a508-74fd77b51b5f,taste.cc,resell,,,high,low,5,"eName Technology Co., Ltd.",14/11/2014 09:06,14/11/2026 09:06,
16b0a018-ac15-4259-87d4-e7eb03a28373,boxing.cc,resell,,,high,low,6,"eName Technology Co., Ltd.",29/08/2005 17:27,29/08/2027 17:27,22/09/2026 21:17
5b19c857-2f1e-4f04-813a-7bd14f412277,formalise.cc,available,4.19,9.99,high,low,9,namesilo,,,
8b67a7cc-e637-4074-86c9-a0998cb5dd57,amongst.cc,available,4.19,9.99,medium,low,7,namesilo,,,
84e35bd1-def0-428a-8aaf-6d06090927a6,blood.cc,resell,,,high,low,5,Dynadot Inc,15/02/2013 09:16,15/02/2026 09:16,
d90b7017-0385-434f-a303-c9d9e6914a76,spartacus.cc,resell,,,high,low,9,Dynadot Inc,18/06/2024 16:51,18/06/2026 16:51,
c1aef716-4a82-4b9c-ab37-6b2607523101,commix.cc,available,4.19,9.99,medium,low,6,namesilo,,,
6eb9c8c5-6e99-4a62-96f0-2587dc8785b8,tortured.cc,available,4.19,9.99,medium,low,8,namesilo,,,
71b2d368-8fa5-46b1-8a6e-e96dbce19adc,foursome.cc,available,4.19,9.99,high,low,8,namesilo,,,
2a486982-f859-41ee-85f6-ceb567bc8aac,departure.cc,resell,,,high,low,9,Dynadot Inc,18/07/2025 17:38,18/07/2028 17:38,08/09/2026 12:08
8ad033d2-b831-4d4a-a0aa-000b68ee4b76,grassroots.cc,resell,,,high,low,11,"NameSilo, LLC",25/05/2021 08:02,25/05/2027 08:02,20/08/2026 18:16
566b75fd-cec7-4bb0-9e61-41547df69b1c,andantino.cc,available,4.19,9.99,medium,low,9,namesilo,,,
3880889f-df9b-43e2-9494-d9de296bf2cf,angolan.cc,available,4.19,9.99,high,low,7,namesilo,,,
49065f58-9de9-48c8-9ab2-57316a2859e2,economically.cc,available,4.19,9.99,medium,low,12,namesilo,,,
de5a8a5d-fa5e-410a-8d79-836ca971f604,speculate.cc,available,4.19,9.99,high,low,9,namesilo,,,
31d3f6e4-c49b-4201-837f-8fa4aa6c6fa4,allotted.cc,available,4.19,9.99,high,low,8,namesilo,,,
4f134119-4b17-44e3-a4cf-4c84dae738d5,prehensile.cc,available,4.19,9.99,medium,low,10,namesilo,,,07/08/2026 22:14
6155ddaf-84ce-4d95-9bdd-7e488a4eeaf1,bagel.cc,resell,,,high,low,5,Key-Systems GmbH,20/01/2000 08:00,31/05/2027 07:00,24/09/2026 06:58
2becb53d-f32c-44f0-860d-5b6b312281bb,sing.cc,resell,,,high,low,4,"eName Technology Co., Ltd.",20/02/2007 02:43,20/02/2027 02:43,
5dde6de5-16db-4249-9e2a-9b5309c11417,ebook.cc,resell,,,high,low,6,"GoDaddy.com, LLC",04/05/2006 08:01,04/05/2027 08:01,
c8a825df-37a2-49d5-9fed-7e391012fa22,bolster.cc,resell,,,high,low,7,Dynadot Inc,11/01/2023 03:18,11/01/2027 03:18,
23d5f823-a92f-4b10-8a8e-4525305ecaa3,categorical.cc,available,4.19,9.99,high,low,11,namesilo,,,
3b37221f-6009-4d87-8d06-c4b076dd1c5b,seated.cc,available,13.98,,high,low,6,namecheap,,,
0c40c062-8a78-418f-933c-746ebd8079d3,joined.cc,available,4.19,9.99,high,low,6,namesilo,,,
1e5f4d92-724b-48b5-a8fa-c87962c5db70,prioritize.cc,available,4.19,9.99,high,low,10,namesilo,,,
80e1af34-7e01-4714-94e9-358686d43f68,chagrined.cc,available,4.19,9.99,medium,low,9,namesilo,,,
74de9792-bf8d-400b-bfc7-b617ab299c39,appalling.cc,available,4.19,9.99,medium,low,9,namesilo,,,06/08/2026 04:31
2a4dcccf-f53e-4622-9fc2-5654d6b7fa66,anuran.cc,available,4.19,9.99,medium,low,6,namesilo,,,05/08/2026 20:48
990a913e-38c6-498e-ae2f-d3554cac8887,identical.cc,available,4.19,9.99,high,low,9,namesilo,,,
9ba48cd5-deeb-49e5-9065-57ff8220256e,threatening.cc,available,4.19,9.99,medium,low,11,namesilo,,,
d3ec6628-f33b-4557-858d-9e3ceeeba10a,disadvantage.cc,available,4.19,9.99,high,low,12,namesilo,,,
761bff1a-c857-4faa-aa0b-43d4edda5371,siberian.cc,available,4.19,9.99,high,low,8,namesilo,,,
714f6f1d-0a3b-469e-b177-176bf2d59b06,beatified.cc,available,4.19,9.99,medium,low,9,namesilo,,,09/08/2026 05:53
aca2e8e3-c5fb-4ef0-88eb-8a957220d755,spirits.cc,resell,,,high,low,7,Unstoppable Domains Inc.,13/06/2025 05:26,13/06/2027 05:26,
e5ca5dce-3d90-4541-a7d6-99188a8a93cb,triple.cc,resell,,,high,low,6,Dynadot Inc,30/03/2022 06:44,30/03/2027 06:44,
bac085e5-9949-47d0-b740-3f99fffc2caa,sacrificial.cc,available,13.98,,high,low,11,namecheap,,,
7d7d8412-ae6e-428d-b7a4-66cc86939441,dorsum.cc,available,4.19,9.99,high,low,6,namesilo,,,08/08/2026 05:12
3dffd424-369a-4241-8ab9-2a76b80508da,topless.cc,resell,,,medium,low,7,"GoDaddy.com, LLC",14/04/2010 04:05,14/04/2026 04:05,
15b90df2-df25-43ab-ad66-13ca5b297c80,combative.cc,available,5.98,13.98,high,low,9,namecheap,,,
b1e6c42b-a412-4078-821a-877c74f807a8,chairwoman.cc,available,4.19,9.99,high,low,10,namesilo,,,
a2eb3f2b-3da6-4bfe-8ed4-49190f1680dd,freedom.cc,resell,,,high,medium,7,"NameSilo, LLC",01/08/2003 19:03,01/08/2027 19:03,20/09/2026 09:37
befb1007-979d-474b-9ba2-fcae43355474,plaguey.cc,available,4.19,9.99,low,low,7,namesilo,,,
e9816000-cd8f-4541-be35-1edf7b7bedbd,from.cc,resell,,,high,low,4,"Spaceship, Inc.",27/06/2004 05:10,27/06/2027 05:10,08/09/2026 08:57
4f13aec6-0c2f-4b3b-9aae-de2bdb55503f,netherlands.cc,resell,,,high,high,11,"22net, Inc.",16/06/2002 04:00,16/06/2026 04:00,
7b8d7503-cbdf-4312-8be6-a29202e08820,adnate.cc,available,4.19,9.99,medium,low,6,namesilo,,,
20e1787a-7b03-4c31-87c5-09302035c5fc,laziness.cc,available,4.19,9.99,medium,low,8,namesilo,,,
484425f4-6149-49a3-9a41-9c035945abba,alchemical.cc,available,4.19,9.99,medium,low,10,namesilo,,,
2f304697-5a73-4791-8dbd-f3b05df0da92,antioxidant.cc,available,4.19,9.99,high,low,11,namesilo,,,
de62e4f9-29f2-4241-b4c4-ee21f4ef51b6,pale.cc,resell,,,high,low,4,Dynadot Inc,09/04/2026 05:07,09/04/2027 05:07,
3549d8df-2444-4a67-b067-77b82dd4cea2,graspable.cc,available,4.19,9.99,medium,low,9,namesilo,,,06/08/2026 08:18
9c5cbdac-bce3-4c86-8dad-3d86db5b9665,pool.cc,resell,,,high,low,4,Dynadot Inc,15/06/1998 07:00,01/10/2026 07:00,
3cc198e5-03af-4d18-b272-18b9231dcc2d,luggage.cc,resell,,,high,low,7,"Wild West Domains, LLC",15/06/1998 07:00,01/10/2026 07:00,
fc56c1e2-fa38-4071-b36a-a31a28337bc2,believable.cc,available,4.19,9.99,high,low,10,namesilo,,,09/08/2026 13:01
40b939cf-88a6-463e-94b2-340ebc474952,alacritous.cc,available,4.19,9.99,medium,low,10,namesilo,,,
f24911b7-7f29-4cba-bdd4-aa0be0ecbdd5,requirement.cc,available,4.19,9.99,high,low,11,namesilo,,,
dcc6e330-4fd6-4aa9-b02a-de4f2518af9f,obey.cc,resell,,,high,low,4,Porkbun LLC,13/07/2015 04:46,13/07/2027 04:46,18/09/2026 07:24
58047f85-15c6-466d-a474-85534bb380be,sauce.cc,resell,,,high,low,5,"NameSilo, LLC",14/12/2005 12:28,14/12/2026 12:28,
683dcdd3-4520-4162-a0d7-e33be849ce00,deserted.cc,available,4.19,9.99,high,low,8,namesilo,,,
4fdf0a30-b4a7-45f6-84cf-89a5e26db112,cornered.cc,available,4.19,9.99,medium,low,8,namesilo,,,07/08/2026 11:02
272d4473-21cd-4d1f-bfe2-9137a690727a,pepsi.cc,resell,,,high,low,5,Global Domain Group LLC,08/12/2019 12:47,08/12/2027 12:47,
e1440a2c-c00e-4586-a9a9-430ecda06152,kilogram.cc,available,4.19,9.99,high,low,8,namesilo,,,
bdb56ae2-48ef-4cc5-85ea-51089666cbf7,preceding.cc,available,4.19,9.99,medium,low,9,namesilo,,,
0354fb2e-e4c2-4e77-a035-4e247e42b5e6,stress.cc,resell,,,high,low,6,"GoDaddy.com, LLC",17/12/2005 14:52,17/12/2031 14:52,
24518a79-ea01-4e39-b4ca-b4233fda11f6,everyone.cc,resell,,,high,low,8,Dynadot Inc,21/01/2024 13:05,21/01/2027 13:05,
a175de06-6223-4a74-87c1-867fe21b35d5,beery.cc,available,4.19,9.99,medium,low,5,namesilo,,,09/08/2026 08:12
ea83af35-7956-4241-9c58-3d00cb46083c,exactly.cc,resell,,,high,low,7,Gname.com Pte. Ltd.,17/12/2025 19:40,17/12/2026 19:40,
7bdf6497-3833-4af2-8c6d-a873f1146ebd,soup.cc,resell,,,high,low,4,Unstoppable Domains Inc.,08/03/2024 09:04,08/03/2027 09:04,
d073eca3-bd60-4d80-be6f-6dc864f8addf,boards.cc,resell,,,high,low,6,Dynadot Inc,08/11/2023 11:29,08/11/2026 11:29,
b1f9f229-359c-47b8-8f23-d3f275b69721,eleventh.cc,available,4.19,9.99,high,low,8,namesilo,,,
5c227db0-3a54-485a-b3ed-12ae8d5b3720,male.cc,resell,,,high,low,4,Dynadot Inc,17/10/2008 08:04,17/10/2026 08:04,
2a16cc96-a809-4dca-bfca-c61bdbf7180d,aching.cc,available,4.19,9.99,medium,low,6,namesilo,,,
b0a120c1-668c-4b49-bb2f-0ae70eae1007,tracking.cc,resell,,,high,low,8,"NameSilo, LLC",24/09/2004 12:54,24/09/2026 12:54,
d5023434-12c1-417d-98b5-1f230a139a79,lxii.cc,available,,,medium,low,4,,,,
85ae628b-1790-4f33-85d6-fa5175444b6d,nobody.cc,resell,,,high,low,6,Dynadot Inc,05/08/2022 08:03,05/08/2027 08:03,20/09/2026 12:30
f9bb68df-9a5e-44f6-a74e-7a93fe274504,adaxial.cc,available,,,medium,low,7,,,,
68c3b4f6-4072-4d51-a0a1-d99a3d57696c,attired.cc,available,4.19,9.99,medium,low,7,namesilo,,,06/08/2026 04:47
6d4260e5-60b7-4066-8ef8-a09ac89dc35f,apophatic.cc,available,4.19,9.99,medium,low,9,namesilo,,,06/08/2026 02:27
114f399b-9749-4c2a-8ca8-0f4ce41c541e,legislative.cc,available,4.19,9.99,high,low,11,namesilo,,,
1a1c8d58-b502-45d8-8584-7956dade2f3c,eolian.cc,available,4.19,9.99,medium,low,6,namesilo,,,
1b74f18e-96ed-4675-9385-cb75e81c0c4a,corridor.cc,resell,,,high,low,8,Dynadot Inc,07/06/2024 04:45,07/06/2027 04:45,
438d6af3-1402-4ad6-bb88-4d1057bd3751,wannabee.cc,available,4.19,9.99,medium,low,8,namesilo,,,07/08/2026 05:22
96ca9fd3-5cc1-487e-b3d1-55d30a17c75b,les.cc,resell,,,high,low,3,Alibaba Cloud Computing Ltd. d/b/a HiChina (www.net.cn),22/07/2009 08:13,22/07/2027 08:13,19/09/2026 17:47
4a8170a3-ff01-4b48-be2a-f28c94823f89,significant.cc,resell,,,high,low,11,"Spaceship, Inc.",11/11/2025 12:53,11/11/2026 12:53,
53ca71a7-6bf1-4175-9a55-19aea7bd2031,military.cc,resell,,,high,low,8,Dynadot Inc,15/06/1998 07:00,01/10/2026 07:00,
9ee8cc20-9eb9-46dd-8a6b-d4dda12a0d1b,yeah.cc,resell,,,high,low,4,"Spaceship, Inc.",24/11/2015 09:08,24/11/2026 09:08,
af73c8b5-9d6c-4ced-99c9-6faeb19813cd,beforehand.cc,available,4.19,9.99,medium,low,10,namesilo,,,09/08/2026 08:51
466068ce-3316-45dc-9bc6-9b18e81085d3,pair.cc,resell,,,high,low,4,Tencent Cloud Computing (Beijing) Limited Liability Company,21/07/2025 08:01,21/07/2027 08:01,19/09/2026 16:04
c616ab1f-924f-485c-8bb2-69749a302b76,streetcleaner.cc,available,13.98,,low,low,14,namecheap,,,
d5d18dc3-8afc-48b8-82ca-fd965e652607,xliv.cc,available,,,medium,low,4,,,,
31391692-e586-4947-8606-4a636113804b,unmannered.cc,available,4.19,9.99,low,low,10,namesilo,,,08/08/2026 07:28
009bba6f-2d0a-42d6-b989-1a982ccfbd25,jot.cc,resell,,,high,low,3,"GoDaddy.com, LLC",30/04/2004 11:07,30/04/2027 11:07,
64deac2e-143d-471d-8e51-21955d89c993,allusive.cc,available,4.19,9.99,high,low,8,namesilo,,,
ab8965f0-5335-4d04-8f05-3661e8211a95,cathartic.cc,available,4.19,9.99,high,low,9,namesilo,,,05/08/2026 22:20
cfffcbcd-4a0c-4ec0-ae9b-1761106fe11e,adducent.cc,available,4.19,9.99,medium,low,8,namesilo,,,
85384962-d83e-4caa-aee4-d99136261b63,vandalism.cc,available,4.19,9.99,medium,low,9,namesilo,,,
aa7213c7-ec93-46a0-beba-d57f3236e325,forgetting.cc,available,4.19,9.99,high,low,10,namesilo,,,
42a0966a-0f02-47e7-ab26-533869ee5f9a,toothcare.cc,available,13.98,,medium,low,9,namecheap,,,
93e87569-8ba7-4bc4-8d54-28849540dea9,innocence.cc,resell,,,high,low,9,Unstoppable Domains Inc.,27/02/2021 09:03,27/02/2027 09:03,
af50d535-3e0d-4c1a-8303-a0d92a32295e,criticize.cc,available,4.19,9.99,high,low,9,namesilo,,,
a2d7a74d-3627-4c87-bf26-42e07c7969c0,thousandth.cc,available,4.19,9.99,high,low,10,namesilo,,,
ebb74fb4-d4e2-4b9f-934a-0a78cc146abd,acinose.cc,available,4.19,9.99,medium,low,7,namesilo,,,
08572b16-0336-4797-a1a3-a4632f4c04de,affixed.cc,available,4.19,9.99,high,low,7,namesilo,,,
72c809e0-e753-46e1-b424-813e9deef6ce,exception.cc,available,4.19,9.99,high,low,9,namesilo,,,
f544794f-ac6c-4d47-8a96-d1d49ae176cd,bridget.cc,available,13.98,,high,low,7,namecheap,,,
e3d43858-237f-4031-839b-5022799b72ec,cabbage.cc,resell,,,high,low,7,"Spaceship, Inc.",25/07/2026 08:06,25/07/2027 08:06,24/09/2026 07:29
c6416d2e-40ab-4823-9d59-f49289e66446,stating.cc,available,4.19,9.99,high,low,7,namesilo,,,
c01bcd17-d97c-41d2-9c73-8dd5283c81e6,annoyance.cc,available,4.19,9.99,high,low,9,namesilo,,,
7eb16a49-0611-41a7-aa0e-4996f31e562a,session.cc,resell,,,high,low,7,"22net, Inc.",05/01/2006 21:12,05/01/2027 21:12,
6e6cf265-d98f-4ea4-93b6-b83a4f09d556,artless.cc,available,4.19,9.99,medium,low,7,namesilo,,,06/08/2026 23:47
58c22f33-d9d7-4203-beab-ed86f176a3f5,sawtooth.cc,available,4.19,9.99,medium,low,9,namesilo,,,
e3d01883-268e-4b61-97f9-7c4dbda49be6,xxxiv.cc,available,4.19,9.99,medium,low,5,namesilo,,,
86234458-4ef6-4ce3-a0f5-3c71ae1a5e8d,arched.cc,available,4.19,9.99,medium,low,6,namesilo,,,06/08/2026 14:34
1fe5e7d3-6770-4b0b-9b5f-56bb8c55882d,agential.cc,available,4.19,9.99,medium,low,8,namesilo,,,
5a3e6a3e-f946-467b-881b-827fe17ad1ba,inhale.cc,available,,,high,low,6,,,,
99951e17-bb17-4cc2-83e5-d834b4edaf18,sevener.cc,available,4.19,9.99,medium,low,7,namesilo,,,
5361105c-5cc7-4693-8a33-328844f77659,prose.cc,resell,,,high,low,5,Dynadot Inc,05/01/2024 05:19,05/01/2027 05:19,
53e0d9ad-c25e-483b-8a35-4d53c0a7cd73,babyish.cc,available,4.19,9.99,medium,low,7,namesilo,,,08/08/2026 03:53
8e3e4f35-9c3e-4292-bdcd-92a1f0169601,devour.cc,available,4.19,9.99,high,low,6,namesilo,,,
85b5d02d-a293-4dfe-919d-5f5b46a5c50f,soaker.cc,available,4.19,9.99,medium,low,6,namesilo,,,
8998b134-070f-4f48-946f-50403252ff88,introduced.cc,available,4.19,9.99,high,low,10,namesilo,,,
85e10548-fdef-4450-809a-3ca72146cc89,shoot.cc,resell,,,high,low,5,"eName Technology Co., Ltd.",21/04/2015 08:08,21/04/2027 08:08,20/09/2026 22:38
9ecd6255-c8ff-4113-91ed-31a94e803775,beardless.cc,available,4.19,9.99,medium,low,9,namesilo,,,09/08/2026 04:43
eeb927b8-77b7-48ee-99d3-547d4f1a136a,save.cc,resell,,,high,low,4,"GoDaddy.com, LLC",16/06/2015 08:05,16/06/2026 08:05,
d4710b4f-c733-414f-a11d-ecde344def8e,dishonor.cc,available,4.19,9.99,high,low,8,namesilo,,,
2a359f69-b1f7-49da-84de-ae3842c28705,them.cc,resell,,,high,low,4,Unstoppable Domains Inc.,27/08/2008 05:45,27/08/2027 05:45,22/09/2026 17:29
a439460e-98cb-4b3d-b869-672dc80ba19a,anatropous.cc,available,4.19,9.99,medium,low,10,namesilo,,,
ef58a5b8-ba42-49a4-81dc-111a110f199e,conference.cc,resell,,,high,low,10,"GoDaddy.com, LLC",28/09/2012 01:25,28/09/2026 01:25,
f77a245c-9789-40dc-895c-7d9178f3b55d,unkeyed.cc,available,4.19,9.99,low,low,7,namesilo,,,07/08/2026 13:50
5cd53032-123b-4a07-a633-c4e69703b639,revolution.cc,resell,,,high,low,10,Porkbun LLC,31/12/2018 09:06,31/12/2026 09:06,
c5b7279c-ddc9-49fc-bf4c-fd74261233a7,indisposed.cc,available,5.98,13.98,medium,low,10,namecheap,,,
8f862e21-e86b-47ed-bc6a-74e528ccb9e1,mouth.cc,resell,,,high,low,5,"eName Technology Co., Ltd.",16/02/2006 03:44,16/02/2027 03:44,08/09/2026 03:51
d0398f7e-28d9-4367-ae45-17aec16db9f4,apish.cc,available,,,medium,low,5,,,,
cf9a9de5-bd12-425f-a66b-be0ee1ac9b63,hereditary.cc,available,4.19,9.99,high,low,10,namesilo,,,
81b706c9-dd29-49d4-af35-76915903bbca,amuck.cc,available,4.19,9.99,medium,low,5,namesilo,,,
6049de32-f6fd-46f7-b483-1f68a1206e85,untrue.cc,available,4.19,9.99,medium,low,6,namesilo,,,
2c7bc758-7f45-4d11-a964-1bc7c6087b28,debased.cc,available,4.19,9.99,medium,low,7,namesilo,,,
625110bd-38d6-410a-95fe-9bec04161d52,allelic.cc,available,4.19,9.99,medium,low,7,namesilo,,,
022d50bb-0762-4a1b-a993-1612b1e8d69c,alliaceous.cc,available,4.19,9.99,medium,low,10,namesilo,,,
2c56ad11-f9ea-489e-b60c-c16e5fa7a3ac,allocate.cc,resell,,,high,low,8,Dynadot Inc,07/09/2025 15:40,07/09/2027 15:40,
2be06f82-0a1c-45d8-9423-63553d88f9cb,trend.cc,resell,,,high,low,5,"22net, Inc.",24/08/2016 08:22,24/08/2027 08:22,
e72ed82d-1236-45d5-890c-c22af0675173,diamonds.cc,resell,,,high,low,8,Dynadot Inc,24/10/2024 08:02,24/10/2026 08:02,
42937903-0d38-4747-86bf-5226e75d9823,deflation.cc,available,4.19,9.99,medium,low,9,namesilo,,,
dfb7ebab-6696-4a27-a127-51e736cc786e,uppercase.cc,available,,,high,low,9,,,,
933797d3-ecab-459a-a60f-3009b4c10d54,moscow.cc,resell,,,high,low,6,"GoDaddy.com, LLC",07/12/2003 11:29,07/12/2026 11:29,
8bfc0e54-dce6-490c-8e98-90ea065fe668,median.cc,resell,,,high,low,6,"Spaceship, Inc.",10/11/2025 09:19,10/11/2026 09:19,
c1fa1cac-e8dc-490e-88b3-1a0b1ceb914c,kleenex.cc,available,4.19,9.99,high,low,7,namesilo,,,
c39cb630-f8da-495b-8cd2-4040a6d70c9e,winterhaven.cc,available,4.19,9.99,high,low,12,namesilo,,,
c12596fb-2461-4b9a-9134-67bdb760a509,suitable.cc,resell,,,high,low,8,"Alibaba Cloud Computing (Beijing) Co., Ltd.",16/09/2017 09:00,16/09/2028 09:00,
2b12be03-5a68-4387-a463-e57637d77224,adscript.cc,available,4.19,9.99,medium,low,8,namesilo,,,
2eb6c8e9-a0ff-4ab8-b702-fffed6f616c3,uncommitted.cc,available,4.19,9.99,medium,low,11,namesilo,,,
00cca5c0-9413-422e-91b1-088478a45784,ripening.cc,available,4.19,9.99,high,low,8,namesilo,,,
95c52436-8335-4c9f-9725-0c5f6db4811d,oxygen.cc,resell,,,high,low,6,"GoDaddy.com, LLC",10/06/2002 17:52,10/06/2026 17:52,
bef2aeda-c60e-4c72-a249-112fd2806c98,robin.cc,resell,,,high,low,5,Dynadot Inc,15/11/2004 13:41,15/11/2026 13:41,
ef1a1cfa-d375-42c6-8e5e-9c1ffb806b48,eyry.cc,available,4.19,9.99,high,low,4,namesilo,,,
cebfee5e-212e-48d2-bed2-94b217e5962d,export.cc,resell,,,high,low,6,Dynadot Inc,30/10/2008 15:21,30/10/2026 15:21,
26657374-4380-40a8-b6b4-4cb907e32a6b,appropriately.cc,available,4.19,9.99,medium,low,13,namesilo,,,
ff805f00-55b3-441e-94c9-a2d14f34fd55,income.cc,resell,,,high,low,6,Dynadot Inc,24/06/2005 07:28,24/06/2026 07:28,
59b21c45-994a-453a-b438-01871adfc08d,pain.cc,resell,,,high,low,4,Dynadot Inc,01/03/2014 09:02,01/03/2027 09:02,
663d00ac-0cb2-44e5-b3fa-c7e15937e619,youngest.cc,available,4.19,9.99,high,low,8,namesilo,,,
ba6d1c5b-397c-48f0-8b89-3e9fd4ed0bf4,seed.cc,resell,,,high,low,4,"GoDaddy.com, LLC",06/04/2004 17:09,06/04/2027 17:09,
56c22e0d-231a-4dc0-815c-729417c89cb2,fungicide.cc,available,5.98,13.98,high,low,9,namecheap,,,
696dd4b7-031f-4e01-9dbc-f8c090e1981c,baseball.cc,resell,,,high,low,8,Dynadot Inc,12/10/2004 07:17,12/10/2026 07:17,
46af00bb-6ad0-415f-9e4c-273d7d31fe62,operated.cc,available,4.19,9.99,high,low,8,namesilo,,,
3159ff65-4da2-49c6-84ff-939289bc897b,mcmuffin.cc,available,13.98,,high,low,8,namecheap,,,
66b2b7e3-2e3f-4020-98c9-7c59ce88e162,abstinent.cc,available,4.19,9.99,high,low,9,namesilo,,,
d4063154-f606-43c3-a245-fb4d46505c15,stygian.cc,available,4.19,9.99,medium,low,7,namesilo,,,
28fe81ef-a1a0-4d3e-bd00-a3a5e7aa6414,autarchic.cc,available,4.19,9.99,medium,low,9,namesilo,,,07/08/2026 18:36
233c1961-9e72-492a-9955-3e8fa8e5c903,slanting.cc,available,4.19,9.99,medium,low,8,namesilo,,,07/08/2026 04:20
e2d6debf-afd2-4f65-9dd8-2ac938975b5a,kitschy.cc,available,4.19,9.99,medium,low,7,namesilo,,,09/08/2026 00:53
f4abdbd7-aac6-4ac4-9afa-b57200ff4a50,surfer.cc,resell,,,high,low,6,"GoDaddy.com, LLC",26/08/2011 09:05,26/08/2027 09:05,22/09/2026 14:03
f67984b8-81cc-4721-a154-0dccf490a607,gratitude.cc,resell,,,high,low,9,"GoDaddy.com, LLC",15/04/2010 03:32,15/04/2027 03:32,
46007959-c7a4-4247-8b48-ff4de7930a23,fascinating.cc,available,13.98,,high,low,11,namecheap,,,
7284622e-5b53-4a11-b8c0-61ee67ee98fe,gymnastic.cc,available,5.98,13.98,high,low,9,namecheap,,,
c6e26c92-bc1b-4665-a401-428468c8c0cd,cheated.cc,available,4.19,9.99,medium,low,7,namesilo,,,
9a5eb91a-4237-441a-8472-a3929d38305c,relatively.cc,available,4.19,9.99,high,low,10,namesilo,,,
c11bbe0f-ab87-4309-8956-0b0b381464c5,anatomical.cc,available,4.19,9.99,medium,low,10,namesilo,,,
63f07512-9231-40e3-971e-ac3aedcd4071,leaders.cc,resell,,,high,low,7,"GoDaddy.com, LLC",06/03/2010 10:40,06/03/2027 10:40,
c54abb13-b9bc-457c-a146-7aaf430c6a44,awing.cc,available,,,medium,low,5,,,,
df0deaf7-3498-43fa-8a8c-005324b61e17,monitory.cc,available,4.19,9.99,medium,low,8,namesilo,,,
d77f5781-df93-4232-9165-746517a49f3f,humorous.cc,available,4.19,9.99,high,low,8,namesilo,,,
fcaf74d4-0776-4add-be54-16cbd166d8dd,galling.cc,available,4.19,9.99,high,low,7,namesilo,,,
b732c4c2-7d2a-4343-9302-2729c2871757,diminutive.cc,available,4.19,9.99,high,low,10,namesilo,,,08/08/2026 14:10
80fac19e-b2a2-4f86-afa1-aa70abce752b,advisor.cc,resell,,,high,low,7,"humbly, LLC - ccTLD",27/08/2021 08:00,27/08/2027 08:00,22/09/2026 17:34
43d243ab-3b3c-4344-9b05-743753e81dc5,respiratory.cc,available,4.19,9.99,high,low,11,namesilo,,,
11f98ede-2b97-41ab-ba6d-04e66a8d0899,belated.cc,available,4.19,9.99,medium,low,7,namesilo,,,09/08/2026 12:37
ac32c088-d99e-4693-a3e2-ae650015020c,existent.cc,available,5.98,13.98,high,low,8,namecheap,,,
c171e4a5-ec76-4951-b6b3-ff68ae3ee3ce,autarkic.cc,available,4.19,9.99,medium,low,8,namesilo,,,07/08/2026 18:47
b07160e1-4b50-451a-bcd8-ecea797f7174,arena.cc,resell,,,high,medium,5,Dynadot Inc,15/11/2024 09:01,15/11/2026 09:01,
0f8ad21a-4173-4e0f-98e1-86b93afa56c3,briefcase.cc,resell,,,high,low,9,Unstoppable Domains Inc.,02/01/2014 16:01,02/01/2027 16:01,
4b6c17e2-d55e-4bcf-ad45-2b62def67952,baneful.cc,available,4.19,9.99,low,low,7,namesilo,,,08/08/2026 09:44
5fbf21f5-3bd0-492b-b36c-56a34bacc621,xxxiii.cc,available,4.19,9.99,medium,low,6,namesilo,,,
552aff82-6aa7-4947-8b82-730213c92553,remember.cc,resell,,,high,low,8,"22net, Inc.",10/02/2005 06:10,10/02/2027 06:10,
65d5c073-571d-4b40-83cb-97ca6917dc7e,acentric.cc,available,4.19,9.99,medium,low,8,namesilo,,,
d94f5410-f5f2-4632-87d3-c816c61ac6ba,valueable.cc,available,4.19,9.99,medium,low,9,namesilo,,,
62ab4ff9-7157-4943-88b2-2857b4a0e918,scowling.cc,available,4.19,9.99,medium,low,8,namesilo,,,09/08/2026 08:33
d771c469-f9ef-40e5-a91e-c2b0c0d2ccc0,torturing.cc,available,4.19,9.99,medium,low,9,namesilo,,,
4925ad14-b5d7-4a36-9474-ae09266a1dbe,needle.cc,resell,,,high,low,6,"NameSilo, LLC",15/02/2004 13:14,15/02/2027 13:14,
d469c3cb-6ccc-4494-b604-e53df47a18f8,xxxii.cc,available,4.19,9.99,medium,low,5,namesilo,,,
619bffc4-2279-4892-af96-625f02fa4e9d,watermelon.cc,resell,,,high,low,10,Gname.com Pte. Ltd.,19/01/2025 09:04,19/01/2027 09:04,
b86bf80c-9627-445b-8597-063cd4c34471,gaslighter.cc,available,4.19,9.99,medium,low,11,namesilo,,,
9e594b62-8bd6-423f-a1ea-b89300d4c8c1,aeronautic.cc,available,4.19,9.99,high,low,10,namesilo,,,
39cb9f89-1fca-446e-ba3e-ad2f730bbcb8,canal.cc,resell,,,high,low,5,"GoDaddy.com, LLC",17/06/2015 14:34,17/06/2027 14:34,
6ee57078-d9e9-4c4c-9875-da2cd3da0cbf,humanlike.cc,available,,,medium,low,9,,,,
4fea582d-c614-4b25-a53c-35d4ce68ef44,circus.cc,resell,,,high,low,6,"GoDaddy.com, LLC",31/08/2021 08:00,31/08/2027 08:00,23/09/2026 14:38
130262fd-d6af-4508-8dcf-9233ff2a2465,comfortably.cc,available,4.19,9.99,high,low,11,namesilo,,,
aaf2bedd-170b-4c51-bcf0-9811463e44d4,patient.cc,resell,,,high,low,7,"Spaceship, Inc.",18/12/2022 09:03,18/12/2026 09:03,
ca7153f0-3548-4111-b822-58dcd502f40d,status.cc,resell,,,high,medium,6,Dynadot Inc,13/12/2016 09:17,13/12/2026 09:17,
c44ca304-2596-43be-b324-8e32544247f6,confounded.cc,available,4.19,9.99,medium,low,10,namesilo,,,07/08/2026 11:57
dc0dbae9-3235-4383-a521-1293bff862a5,aortic.cc,available,4.19,9.99,medium,low,6,namesilo,,,05/08/2026 21:54
7a82cb13-abe0-47da-aae2-353b81a4921f,abkhaz.cc,available,4.19,9.99,high,low,6,namesilo,,,
4ae9093f-2045-4bf9-84e6-2f6264b19e64,ataxic.cc,available,4.19,9.99,low,low,6,namesilo,,,07/08/2026 12:32
3e0d3062-740c-408d-ab60-adb7870d89b1,context.cc,resell,,,high,medium,7,"NameCheap, Inc.",21/12/2022 09:01,21/12/2026 09:01,
deb5f0b4-5c25-46a5-bd71-70e068390a84,accounted.cc,available,,,medium,low,9,,,,
72a6a668-5883-432b-95d8-971787c5a955,irregular.cc,available,4.19,9.99,high,low,9,namesilo,,,
1616e1b6-02b3-4c36-856f-3a0ab6e83ad4,between.cc,resell,,,high,low,7,"Spaceship, Inc.",15/04/2018 14:46,15/04/2027 14:46,
b6136bbc-f634-4b6a-8373-de78ebaa6791,dismay.cc,available,4.19,9.99,high,low,6,namesilo,,,
7a261cd8-08ad-4b8b-936a-f07f7ca7cab5,yours.cc,resell,,,high,low,5,"Soldierofonedomains.com, LLC",05/10/2025 08:04,05/10/2026 08:04,
e56855f3-e2ec-4e9d-912a-0815cd5f89be,aliform.cc,available,4.19,9.99,medium,low,7,namesilo,,,
cebb0c6f-ea73-4bc9-98b2-2aa3f696c450,drippy.cc,available,,,medium,low,6,,,,
412be16d-93c2-417e-af6d-982458b92c64,lxxvii.cc,available,5.98,13.98,medium,low,6,namecheap,,,
40bb21c6-8cc9-44c3-bcb8-8c8d393c46b7,barter.cc,resell,,,high,low,6,Dynadot Inc,16/09/2022 08:08,16/09/2026 08:08,
4bd32c8f-2cdf-4301-b9ed-634e2eef2296,helping.cc,resell,,,high,low,7,Unstoppable Domains Inc.,08/06/2025 06:58,08/06/2027 06:58,
8afaa458-4452-45e2-9823-18654a045b64,undisciplined.cc,available,4.19,9.99,medium,low,13,namesilo,,,
a2a911c3-6c91-42c4-bb37-ce6e4ea5314a,friend.cc,resell,,,high,low,6,"GoDaddy.com, LLC",08/09/2004 17:13,08/09/2027 17:13,
72753bd7-c6f4-49e6-8236-4f1bcf893a9e,shooting.cc,resell,,,high,low,8,Key-Systems GmbH,02/05/2015 08:07,02/05/2029 08:07,
a4481e7e-4755-42b7-971b-851948b7a3db,yelled.cc,available,4.19,9.99,high,low,6,namesilo,,,
4298e285-2f46-4300-b55e-96b955be2446,perfected.cc,available,4.19,9.99,high,low,9,namesilo,,,
a3ae7d8c-22f4-4108-9f52-446a522822cf,avestan.cc,available,4.19,9.99,medium,low,7,namesilo,,,07/08/2026 23:07
464a1d38-97a7-4476-a96f-09c5e6fd1274,distinguished.cc,available,4.19,9.99,high,low,13,namesilo,,,
bdf5fc00-103a-47de-a944-f8c6e3b13cc9,azygous.cc,available,4.19,9.99,medium,low,7,namesilo,,,08/08/2026 03:27
2cc8d0ed-9f4c-4d66-9cdc-cbdb22468d4c,bra.cc,resell,,,high,low,3,"GoDaddy.com, LLC",12/06/1999 04:00,04/06/2030 04:00,
69f08dbc-bb5f-4ace-b60f-51c27f8bad49,slacking.cc,available,13.98,,medium,low,8,namecheap,,,
5cece9e2-20ed-47a6-a8f7-a891f369712a,acoustical.cc,available,4.19,9.99,medium,low,10,namesilo,,,
a7a3a25a-ca6d-404b-a2a4-4319a83dde5a,bell.cc,resell,,,high,low,4,Key-Systems GmbH,11/06/2010 17:09,11/06/2029 17:09,
28d720d0-1cb5-4659-a8c8-96e03248067d,higher.cc,resell,,,high,low,6,"Spaceship, Inc.",19/11/2023 12:51,19/11/2026 12:51,
5e4f93b5-ed4f-4a18-9b08-19efa6f775c7,mash.cc,resell,,,high,low,4,Dynadot Inc,24/04/2024 09:03,24/04/2027 09:03,
cba0b481-08f2-4210-9ccc-a080f47fd4d9,barefoot.cc,resell,,,high,low,8,Gname.com Pte. Ltd.,25/10/2024 08:01,25/10/2026 08:01,08/08/2026 18:54
53e09540-d330-4c27-9d69-81732fb7b5e1,centralised.cc,available,4.19,9.99,high,low,11,namesilo,,,
46bc692c-d72c-4f6f-a26f-24dd76279b39,holding.cc,resell,,,high,low,7,Porkbun LLC,17/01/2026 23:18,17/01/2027 23:18,
976d6bb2-cc1e-4980-bbe5-5695c205e469,algal.cc,available,4.19,9.99,high,low,5,namesilo,,,
cb972d61-cc99-4221-84c5-44662c21a248,hub.cc,resell,,,high,medium,3,Dynadot Inc,10/02/2008 10:44,10/02/2027 10:44,
01b0a91c-73a1-4f51-9b2d-fc828d938d80,clustered.cc,available,,,high,low,9,,,,
3cf8d693-27cb-4862-9c2c-83d41ac9c585,heptad.cc,available,4.19,9.99,medium,low,6,namesilo,,,
67e526d6-6f5a-4f57-90d9-6da1c09a1a6c,buyer.cc,resell,,,high,low,5,Dynadot Inc,11/08/2007 08:00,11/08/2027 08:00,20/09/2026 17:52
c6c99644-e90b-4667-af2a-594af8a7aae6,hackneyed.cc,available,4.19,9.99,medium,low,9,namesilo,,,08/08/2026 10:56
58916fe4-43d3-4973-bdb2-09ad0a5128b5,chore.cc,available,4.19,9.99,high,low,5,namesilo,,,
bcf66daf-7750-42ea-81af-eadc51f98a2d,default.cc,resell,,,high,low,7,Dynadot Inc,19/07/2015 12:02,19/07/2027 12:02,19/09/2026 12:30
155b8f18-f971-4ed5-8729-b14c334e2e5f,algonkin.cc,available,4.19,9.99,high,low,8,namesilo,,,
ca0c5741-8e97-4125-be23-a8e6582fec2a,annotated.cc,available,4.19,9.99,high,low,9,namesilo,,,
ea9a29d4-49e5-4d4a-b599-6c05a5048653,tormented.cc,available,4.19,9.99,medium,low,9,namesilo,,,
cf50e192-35d3-4f32-bd80-dcdafad9c3a5,possess.cc,available,4.19,9.99,high,low,7,namesilo,,,
395261cb-bd94-456d-8d9e-6e852e570a95,upper.cc,resell,,,high,low,5,Dynadot Inc,12/01/2024 09:03,12/01/2027 09:03,
c4b90e70-34f6-49bc-bea6-36580973552e,fuckster.cc,available,4.19,9.99,low,low,8,namesilo,,,
93f92810-fae0-4b4e-9c2b-7a5b55d7c85f,atilt.cc,available,4.19,9.99,medium,low,5,namesilo,,,07/08/2026 13:13
51a23fa9-ad62-470f-8dc8-94c14e52193a,sixtieth.cc,available,4.19,9.99,high,low,8,namesilo,,,
242c816b-662b-4fcb-a006-cd7f50052f7a,alate.cc,available,4.19,9.99,high,low,5,namesilo,,,
dd6946bb-43a4-4e34-b9f6-a76c14eaa958,announce.cc,resell,,,high,low,8,Dynadot Inc,20/12/2022 15:51,20/12/2026 15:51,
5bb9ce80-9c21-4fed-b83d-bfab04e087ef,godhead.cc,available,4.19,9.99,medium,low,7,namesilo,,,
a643b668-8a63-4645-84b7-6d39ca3f5d56,bull.cc,resell,,,high,low,4,Dynadot Inc,20/07/2005 03:18,20/07/2027 03:18,19/09/2026 14:28
7812698f-6a18-475f-a321-bd9500a59a64,stratified.cc,available,4.19,9.99,medium,low,10,namesilo,,,09/08/2026 06:36
c2cd2f0f-1aa7-4f7a-80c3-adc1634b48b8,panoptic.cc,available,,,medium,low,8,,,,
b16a61d8-1d86-429c-a067-d694efebe905,erase.cc,resell,,,high,low,5,Unstoppable Domains Inc.,16/01/2014 03:41,16/01/2027 03:41,
70f88796-d4c0-48d4-99f8-34da0da22753,lordly.cc,available,4.19,9.99,medium,low,6,namesilo,,,07/08/2026 17:05
2ef92700-8044-42d4-8ef6-14a609a6b420,quantities.cc,available,4.19,9.99,low,low,10,namesilo,,,
bf2e2438-1c50-40cb-a2b9-957b2d6c3579,sanative.cc,available,4.19,9.99,medium,low,8,namesilo,,,
8abb2bb9-e812-49f7-8304-edd74c4a66dc,detroit.cc,resell,,,high,low,7,Dynadot Inc,09/01/2020 09:00,09/01/2028 09:00,
6f41497b-da8e-4a22-8ced-0dc55f8e8bef,affixal.cc,available,4.19,9.99,medium,low,7,namesilo,,,
70407df5-5651-4ded-b106-252879951c5a,phantasmal.cc,available,4.19,9.99,medium,low,10,namesilo,,,06/08/2026 05:33
6dc406f8-034b-46ea-80c0-ed1609fc9b43,hybrid.cc,resell,,,high,low,6,"GoDaddy.com, LLC",06/12/2010 15:35,06/12/2026 15:35,
55bac793-29d1-4c71-ba27-5bc985b86e81,activating.cc,available,4.19,9.99,high,low,10,namesilo,,,
0580c87d-3ee4-4d6a-a2b3-790b91644a15,reflex.cc,resell,,,high,low,6,Gname 169 Inc,30/01/2026 09:08,30/01/2027 09:08,
ea10eaf1-97f1-4fe3-a7bb-e5bb1bab8560,lowering.cc,available,4.19,9.99,high,low,8,namesilo,,,
bcb701e3-fb7e-41fd-8efe-9cb22f0271ae,aloof.cc,available,,,high,low,5,,,,
9303a9f0-f3c7-4519-b108-e7347574af36,together.cc,resell,,,high,medium,8,"GoDaddy.com, LLC",07/04/2006 16:05,07/04/2027 16:05,
37a7cdd9-9e12-469b-9f95-eccf84fea550,tierce.cc,available,4.19,9.99,medium,low,6,namesilo,,,
30382a1d-0d8e-4f0a-81e3-89ab2fffa5c4,shape.cc,resell,,,high,low,5,"GoDaddy.com, LLC",11/06/1998 07:00,11/06/2026 07:00,
64cf2fbd-003e-4c48-b2c7-26cebab50889,lxxxii.cc,available,4.19,9.99,medium,low,6,namesilo,,,
073fe6ce-e320-4c52-bfe4-40880a3d8fe4,bearable.cc,available,4.19,9.99,medium,low,8,namesilo,,,09/08/2026 04:27
88edf201-33fa-4041-891a-f118b0499d68,restructuring.cc,resell,,,high,low,13,Dynadot Inc,31/05/2023 23:49,31/05/2028 23:49,
8b3c2464-cb43-4a29-a851-0d3f845b0353,accusive.cc,available,4.19,9.99,low,low,8,namesilo,,,
283985e0-2239-4c5d-8168-a54be084a210,acicular.cc,available,4.19,9.99,medium,low,8,namesilo,,,
b6038185-065e-4617-a201-f28cc14ea4a3,resolvable.cc,available,4.19,9.99,high,low,10,namesilo,,,
ed9433d6-07ed-44a3-879a-4d25a2a7a295,hardworking.cc,available,4.19,9.99,high,low,11,namesilo,,,
36c377c6-43b3-46c9-9907-ac1ed07c8006,patrician.cc,available,4.19,9.99,medium,low,9,namesilo,,,06/08/2026 19:34
76f3e262-7681-438c-b8c9-a9a95a9bae13,quickness.cc,available,4.19,9.99,high,low,9,namesilo,,,
f597776f-abcd-4e14-a99e-8e0d05a59fea,oddly.cc,available,13.98,,high,low,5,namecheap,,,
54fa8106-f09f-4984-bdd3-cdc39ee3fba2,anhydrous.cc,available,4.19,9.99,medium,low,9,namesilo,,,
0c15c278-f942-4be4-be37-71602dcb4d3a,jehovah.cc,resell,,,high,low,7,"GoDaddy.com, LLC",11/04/2024 02:25,11/04/2026 02:25,
96589454-143c-436c-9f42-a95ecb89167f,sixteenth.cc,available,4.19,9.99,high,low,9,namesilo,,,
47da4f91-6ab5-4664-8788-3d4c11fb7b75,movies.cc,resell,,,high,low,6,"GoDaddy.com, LLC",10/11/1997 05:00,10/11/2026 05:00,
4f04461e-83e5-4497-8598-a24ecd64ea2c,annulate.cc,available,4.19,9.99,high,low,8,namesilo,,,
65ad8905-8c4c-4a9d-ad26-c41f0f4adefc,parliamentary.cc,available,4.19,9.99,medium,low,13,namesilo,,,
dbde7c93-5333-4b8b-bed7-b1f8e830593d,antitoxic.cc,available,4.19,9.99,medium,low,9,namesilo,,,05/08/2026 19:55
2af8cf2c-6ca2-4475-b085-60a455a22074,grandchild.cc,available,4.19,9.99,high,low,10,namesilo,,,
3a6f87cf-c0da-492c-93a3-2624db19391e,gulf.cc,resell,,,high,low,4,"eNom, LLC",18/08/2004 14:02,18/08/2030 14:02,
8ecbbc3a-ccbd-4c39-87b9-832e50061dea,message.cc,resell,,,high,low,7,"Spaceship, Inc.",05/08/2014 08:03,05/08/2027 08:03,08/09/2026 08:47
5f3e1e30-ed3b-4642-8238-b87097d43c1f,eaten.cc,available,4.19,9.99,high,low,5,namesilo,,,
a9ff5442-823f-40aa-8023-040a1a12f2ed,grasping.cc,available,4.19,9.99,high,low,8,namesilo,,,07/08/2026 22:04
ca417761-031f-40d7-b891-0b02412d285a,lush.cc,resell,,,high,low,4,Firstround Names LLC,04/01/2025 09:02,04/01/2026 09:02,
e5c52fdf-ad10-4c41-90ad-964f9ad758c4,guys.cc,resell,,,high,low,4,Tencent Cloud Computing (Beijing) Limited Liability Company,23/01/2024 09:03,23/01/2027 09:03,
d38b96d1-d110-4bb9-aa2a-5223bd6d8d08,xxvii.cc,available,4.19,9.99,medium,low,5,namesilo,,,
c9bafc44-9737-4098-8285-c3803f5b20f6,political.cc,resell,,,high,low,9,"GoDaddy.com, LLC",26/10/2006 20:51,26/10/2026 20:51,
977c5fe9-38c0-4aad-a839-27c77ccd36db,politely.cc,available,13.98,,high,low,8,namecheap,,,
7a7e42ec-4301-4b2c-b555-cad9f33d4c93,apparel.cc,resell,,,high,low,7,Dynadot Inc,20/12/2007 09:47,20/12/2026 09:47,
f765bb0b-5085-46ad-8019-0645f33d72af,alcohol.cc,resell,,,high,low,7,"GoDaddy.com, LLC",10/12/2006 09:00,10/12/2026 09:00,
37f829d6-93ca-48b7-8036-0065c16bd724,repeated.cc,available,4.19,9.99,high,low,8,namesilo,,,
d22bc6a4-5e78-457b-b9e2-06585993fa2c,apiarian.cc,available,4.19,9.99,medium,low,8,namesilo,,,05/08/2026 23:53
519bc2b9-97cf-4766-8e0d-e7fa7f00ec9f,surrender.cc,available,4.19,9.99,high,low,9,namesilo,,,
b1fe297f-e18b-4d91-8a4b-7934143f9c56,pitfall.cc,available,4.19,9.99,medium,low,7,namesilo,,,
f8c74760-eeb5-4cea-81af-4c333025132a,scratched.cc,available,4.19,9.99,medium,low,9,namesilo,,,